ID;MUN_OR;NOME_ORIGEM;HIERAR_CID;MUN_DEST;NOME_DESTINO;HIERAR_CID_D
26000542611606;2600054;Abreu e Lima;1C;2611606;Recife;1C
26000542610707;2600054;Abreu e Lima;1C;2610707;Paulista;1C
26000542609600;2600054;Abreu e Lima;1C;2609600;Olinda;1C
26000542606200;2600054;Abreu e Lima;1C;2606200;Goiana;3B
26000542606804;2600054;Abreu e Lima;1C;2606804;Igarassu;1C
26000542613701;2600054;Abreu e Lima;1C;2613701;São Lourenço da Mata;1C
26001042611606;2600104;Afogados da Ingazeira;3B;2611606;Recife;1C
26001042604106;2600104;Afogados da Ingazeira;3B;2604106;Caruaru;2B
26001042613909;2600104;Afogados da Ingazeira;3B;2613909;Serra Talhada;3A
26001042614600;2600104;Afogados da Ingazeira;3B;2614600;Tabira;4B
26001042601201;2600104;Afogados da Ingazeira;3B;2601201;Arcoverde;3A
26001042613602;2600104;Afogados da Ingazeira;3B;2613602;São José do Egito;4B
26001042603900;2600104;Afogados da Ingazeira;3B;2603900;Carnaíba;5
26001042612505;2600104;Afogados da Ingazeira;3B;2612505;Santa Cruz do Capibaribe;3B
26001042606903;2600104;Afogados da Ingazeira;3B;2606903;Iguaracy;5
26001042605608;2600104;Afogados da Ingazeira;3B;2605608;Flores;5
26001042615706;2600104;Afogados da Ingazeira;3B;2615706;Triunfo;5
26001042615409;2600104;Afogados da Ingazeira;3B;2615409;Toritama;5
26001042606002;2600104;Afogados da Ingazeira;3B;2606002;Garanhuns;2C
26001042612208;2600104;Afogados da Ingazeira;3B;2612208;Salgueiro;3B
26001042611101;2600104;Afogados da Ingazeira;3B;2611101;Petrolina;2C
26002032611101;2600203;Afrânio;5;2611101;Petrolina;2C
26002032611606;2600203;Afrânio;5;2611606;Recife;1C
26002032605152;2600203;Afrânio;5;2605152;Dormentes;5
26003022604106;2600302;Agrestina;5;2604106;Caruaru;2B
26003022611606;2600302;Agrestina;5;2611606;Recife;1C
26003022605004;2600302;Agrestina;5;2605004;Cupira;5
26003022600807;2600302;Agrestina;5;2600807;Altinho;5
26003022613305;2600302;Agrestina;5;2613305;São Joaquim do Monte;5
26003022604205;2600302;Agrestina;5;2604205;Catende;5
26003022601706;2600302;Agrestina;5;2601706;Belo Jardim;3B
26003022601508;2600302;Agrestina;5;2601508;Belém de Maria;5
26003022606002;2600302;Agrestina;5;2606002;Garanhuns;2C
26004012611606;2600401;Água Preta;5;2611606;Recife;1C
26004012610004;2600401;Água Preta;5;2610004;Palmares;3B
26004012604106;2600401;Água Preta;5;2604106;Caruaru;2B
26004012614857;2600401;Água Preta;5;2614857;Tamandaré;5
26004012601409;2600401;Água Preta;5;2601409;Barreiros;4A
26004012613404;2600401;Água Preta;5;2613404;São José da Coroa Grande;5
26004012604205;2600401;Água Preta;5;2604205;Catende;5
26004012616407;2600401;Água Preta;5;2616407;Vitória de Santo Antão;3B
26004012615409;2600401;Água Preta;5;2615409;Toritama;5
26004012606002;2600401;Água Preta;5;2606002;Garanhuns;2C
26005002606002;2600500;Águas Belas;5;2606002;Garanhuns;2C
26005002611606;2600500;Águas Belas;5;2611606;Recife;1C
26005002601201;2600500;Águas Belas;5;2601201;Arcoverde;3A
26005002607505;2600500;Águas Belas;5;2607505;Itaíba;5
26005002604106;2600500;Águas Belas;5;2604106;Caruaru;2B
26006092610905;2600609;Alagoinha;5;2610905;Pesqueira;4A
26006092611606;2600609;Alagoinha;5;2611606;Recife;1C
26006092601201;2600609;Alagoinha;5;2601201;Arcoverde;3A
26006092604106;2600609;Alagoinha;5;2604106;Caruaru;2B
26006092616001;2600609;Alagoinha;5;2616001;Venturosa;5
26006092601706;2600609;Alagoinha;5;2601706;Belo Jardim;3B
26006092612505;2600609;Alagoinha;5;2612505;Santa Cruz do Capibaribe;3B
26006092602803;2600609;Alagoinha;5;2602803;Buíque;5
26007082611606;2600708;Aliança;5;2611606;Recife;1C
26007082615300;2600708;Aliança;5;2615300;Timbaúba;3B
26007082606200;2600708;Aliança;5;2606200;Goiana;3B
26007082604007;2600708;Aliança;5;2604007;Carpina;3B
26007082609501;2600708;Aliança;5;2609501;Nazaré da Mata;5
26007082615508;2600708;Aliança;5;2615508;Tracunhaém;5
26007082604106;2600708;Aliança;5;2604106;Caruaru;2B
26007082614501;2600708;Aliança;5;2614501;Surubim;3B
26007082607653;2600708;Aliança;5;2607653;Itambé;5
26007082608909;2600708;Aliança;5;2608909;Limoeiro;3B
26008072604106;2600807;Altinho;5;2604106;Caruaru;2B
26008072611606;2600807;Altinho;5;2611606;Recife;1C
26008072600302;2600807;Altinho;5;2600302;Agrestina;5
26008072606002;2600807;Altinho;5;2606002;Garanhuns;2C
26008072606705;2600807;Altinho;5;2606705;Ibirajuba;5
26008072605004;2600807;Altinho;5;2605004;Cupira;5
26009062611606;2600906;Amaraji;5;2611606;Recife;1C
26009062605202;2600906;Amaraji;5;2605202;Escada;3B
26009062616407;2600906;Amaraji;5;2616407;Vitória de Santo Antão;3B
26009062606408;2600906;Amaraji;5;2606408;Gravatá;4A
26009062604106;2600906;Amaraji;5;2604106;Caruaru;2B
26009062611408;2600906;Amaraji;5;2611408;Primavera;5
26009062602902;2600906;Amaraji;5;2602902;Cabo de Santo Agostinho;1C
26009062610004;2600906;Amaraji;5;2610004;Palmares;3B
26009062604502;2600906;Amaraji;5;2604502;Chã Grande;5
26009062609402;2600906;Amaraji;5;2609402;Moreno;1C
26009062604007;2600906;Amaraji;5;2604007;Carpina;3B
26009062611804;2600906;Amaraji;5;2611804;Ribeirão;5
26010032606002;2601003;Angelim;5;2606002;Garanhuns;2C
26010032611606;2601003;Angelim;5;2611606;Recife;1C
26010032603702;2601003;Angelim;5;2603702;Canhotinho;5
26010032604106;2601003;Angelim;5;2604106;Caruaru;2B
26010032613206;2601003;Angelim;5;2613206;São João;5
26010032610103;2601003;Angelim;5;2610103;Palmeirina;5
26010032611507;2601003;Angelim;5;2611507;Quipapá;5
26010032612455;2601003;Angelim;5;2612455;Santa Cruz;5
26010522611606;2601052;Araçoiaba;1C;2611606;Recife;1C
26010522604007;2601052;Araçoiaba;1C;2604007;Carpina;3B
26010522606804;2601052;Araçoiaba;1C;2606804;Igarassu;1C
26010522610707;2601052;Araçoiaba;1C;2610707;Paulista;1C
26010522600054;2601052;Araçoiaba;1C;2600054;Abreu e Lima;1C
26010522609600;2601052;Araçoiaba;1C;2609600;Olinda;1C
26010522613701;2601052;Araçoiaba;1C;2613701;São Lourenço da Mata;1C
26010522607752;2601052;Araçoiaba;1C;2607752;Itapissuma;1C
26010522610608;2601052;Araçoiaba;1C;2610608;Paudalho;1C
26010522608909;2601052;Araçoiaba;1C;2608909;Limoeiro;3B
26010522609501;2601052;Araçoiaba;1C;2609501;Nazaré da Mata;5
26010522615508;2601052;Araçoiaba;1C;2615508;Tracunhaém;5
26010522603454;2601052;Araçoiaba;1C;2603454;Camaragibe;1C
26011022611606;2601102;Araripina;3B;2611606;Recife;1C
26011022611101;2601102;Araripina;3B;2611101;Petrolina;2C
26011022609907;2601102;Araripina;3B;2609907;Ouricuri;3A
26011022615607;2601102;Araripina;3B;2615607;Trindade;5
26011022612455;2601102;Araripina;3B;2612455;Santa Cruz;5
26011022604106;2601102;Araripina;3B;2604106;Caruaru;2B
26012012611606;2601201;Arcoverde;3A;2611606;Recife;1C
26012012604106;2601201;Arcoverde;3A;2604106;Caruaru;2B
26012012606002;2601201;Arcoverde;3A;2606002;Garanhuns;2C
26012012613909;2601201;Arcoverde;3A;2613909;Serra Talhada;3A
26012012610905;2601201;Arcoverde;3A;2610905;Pesqueira;4A
26012012610806;2601201;Arcoverde;3A;2610806;Pedra;5
26012012616001;2601201;Arcoverde;3A;2616001;Venturosa;5
26012012606408;2601201;Arcoverde;3A;2606408;Gravatá;4A
26012012602803;2601201;Arcoverde;3A;2602803;Buíque;5
26012012611101;2601201;Arcoverde;3A;2611101;Petrolina;2C
26013002604106;2601300;Barra de Guabiraba;5;2604106;Caruaru;2B
26013002611606;2601300;Barra de Guabiraba;5;2611606;Recife;1C
26013002602308;2601300;Barra de Guabiraba;5;2602308;Bonito;5
26013002601904;2601300;Barra de Guabiraba;5;2601904;Bezerros;5
26013002610004;2601300;Barra de Guabiraba;5;2610004;Palmares;3B
26013002603504;2601300;Barra de Guabiraba;5;2603504;Camocim de São Félix;5
26013002604809;2601300;Barra de Guabiraba;5;2604809;Cortês;5
26013002612000;2601300;Barra de Guabiraba;5;2612000;Sairé;5
26013002612455;2601300;Barra de Guabiraba;5;2612455;Santa Cruz;5
26013002615409;2601300;Barra de Guabiraba;5;2615409;Toritama;5
26013002606408;2601300;Barra de Guabiraba;5;2606408;Gravatá;4A
26013002616407;2601300;Barra de Guabiraba;5;2616407;Vitória de Santo Antão;3B
26014092611606;2601409;Barreiros;4A;2611606;Recife;1C
26014092614857;2601409;Barreiros;4A;2614857;Tamandaré;5
26014092610004;2601409;Barreiros;4A;2610004;Palmares;3B
26014092611903;2601409;Barreiros;4A;2611903;Rio Formoso;5
26014092613404;2601409;Barreiros;4A;2613404;São José da Coroa Grande;5
26014092600401;2601409;Barreiros;4A;2600401;Água Preta;5
26014092614204;2601409;Barreiros;4A;2614204;Sirinhaém;5
26015082611606;2601508;Belém de Maria;5;2611606;Recife;1C
26015082604106;2601508;Belém de Maria;5;2604106;Caruaru;2B
26015082610004;2601508;Belém de Maria;5;2610004;Palmares;3B
26015082605004;2601508;Belém de Maria;5;2605004;Cupira;5
26015082604205;2601508;Belém de Maria;5;2604205;Catende;5
26015082615409;2601508;Belém de Maria;5;2615409;Toritama;5
26015082600302;2601508;Belém de Maria;5;2600302;Agrestina;5
26015082602308;2601508;Belém de Maria;5;2602308;Bonito;5
26015082610202;2601508;Belém de Maria;5;2610202;Panelas;5
26015082608701;2601508;Belém de Maria;5;2608701;Lagoa dos Gatos;5
26016072611101;2601607;Belém do São Francisco;5;2611101;Petrolina;2C
26016072611606;2601607;Belém do São Francisco;5;2611606;Recife;1C
26016072612208;2601607;Belém do São Francisco;5;2612208;Salgueiro;3B
26016072605707;2601607;Belém do São Francisco;5;2605707;Floresta;4B
26016072603009;2601607;Belém do São Francisco;5;2603009;Cabrobó;5
26016072612604;2601607;Belém do São Francisco;5;2612604;Santa Maria da Boa Vista;5
26016072607406;2601607;Belém do São Francisco;5;2607406;Itacuruba;5
26016072613909;2601607;Belém do São Francisco;5;2613909;Serra Talhada;3A
26016072615409;2601607;Belém do São Francisco;5;2615409;Toritama;5
26017062604106;2601706;Belo Jardim;3B;2604106;Caruaru;2B
26017062611606;2601706;Belo Jardim;3B;2611606;Recife;1C
26017062610905;2601706;Belo Jardim;3B;2610905;Pesqueira;4A
26017062606002;2601706;Belo Jardim;3B;2606002;Garanhuns;2C
26017062612505;2601706;Belo Jardim;3B;2612505;Santa Cruz do Capibaribe;3B
26017062615409;2601706;Belo Jardim;3B;2615409;Toritama;5
26017062612406;2601706;Belo Jardim;3B;2612406;Sanharó;5
26017062614709;2601706;Belo Jardim;3B;2614709;Tacaimbó;5
26017062613008;2601706;Belo Jardim;3B;2613008;São Bento do Una;5
26017062601201;2601706;Belo Jardim;3B;2601201;Arcoverde;3A
26017062609600;2601706;Belo Jardim;3B;2609600;Olinda;1C
26018052613909;2601805;Betânia;5;2613909;Serra Talhada;3A
26018052611606;2601805;Betânia;5;2611606;Recife;1C
26018052601201;2601805;Betânia;5;2601201;Arcoverde;3A
26018052605103;2601805;Betânia;5;2605103;Custódia;5
26018052604106;2601805;Betânia;5;2604106;Caruaru;2B
26018052611101;2601805;Betânia;5;2611101;Petrolina;2C
26018052605608;2601805;Betânia;5;2605608;Flores;5
26019042604106;2601904;Bezerros;5;2604106;Caruaru;2B
26019042611606;2601904;Bezerros;5;2611606;Recife;1C
26019042606408;2601904;Bezerros;5;2606408;Gravatá;4A
26019042616407;2601904;Bezerros;5;2616407;Vitória de Santo Antão;3B
26019042612000;2601904;Bezerros;5;2612000;Sairé;5
26020012609907;2602001;Bodocó;5;2609907;Ouricuri;3A
26020012611606;2602001;Bodocó;5;2611606;Recife;1C
26020012601102;2602001;Bodocó;5;2601102;Araripina;3B
26020012611101;2602001;Bodocó;5;2611101;Petrolina;2C
26020012605301;2602001;Bodocó;5;2605301;Exu;5
26020012612208;2602001;Bodocó;5;2612208;Salgueiro;3B
26020012607307;2602001;Bodocó;5;2607307;Ipubi;5
26020012608750;2602001;Bodocó;5;2608750;Lagoa Grande;5
26020012606309;2602001;Bodocó;5;2606309;Granito;5
26021002606002;2602100;Bom Conselho;5;2606002;Garanhuns;2C
26021002611606;2602100;Bom Conselho;5;2611606;Recife;1C
26021002604106;2602100;Bom Conselho;5;2604106;Caruaru;2B
26021002602407;2602100;Bom Conselho;5;2602407;Brejão;5
26021002615102;2602100;Bom Conselho;5;2615102;Terezinha;5
26022092611606;2602209;Bom Jardim;5;2611606;Recife;1C
26022092614501;2602209;Bom Jardim;5;2614501;Surubim;3B
26022092608909;2602209;Bom Jardim;5;2608909;Limoeiro;3B
26022092604007;2602209;Bom Jardim;5;2604007;Carpina;3B
26022092616407;2602209;Bom Jardim;5;2616407;Vitória de Santo Antão;3B
26022092609709;2602209;Bom Jardim;5;2609709;Orobó;5
26022092613701;2602209;Bom Jardim;5;2613701;São Lourenço da Mata;1C
26022092609501;2602209;Bom Jardim;5;2609501;Nazaré da Mata;5
26022092608107;2602209;Bom Jardim;5;2608107;João Alfredo;5
26022092604106;2602209;Bom Jardim;5;2604106;Caruaru;2B
26022092603454;2602209;Bom Jardim;5;2603454;Camaragibe;1C
26022092608453;2602209;Bom Jardim;5;2608453;Lagoa do Carro;5
26022092610608;2602209;Bom Jardim;5;2610608;Paudalho;1C
26023082604106;2602308;Bonito;5;2604106;Caruaru;2B
26023082611606;2602308;Bonito;5;2611606;Recife;1C
26023082603504;2602308;Bonito;5;2603504;Camocim de São Félix;5
26023082604205;2602308;Bonito;5;2604205;Catende;5
26023082601904;2602308;Bonito;5;2601904;Bezerros;5
26023082612000;2602308;Bonito;5;2612000;Sairé;5
26023082612455;2602308;Bonito;5;2612455;Santa Cruz;5
26023082615409;2602308;Bonito;5;2615409;Toritama;5
26023082616407;2602308;Bonito;5;2616407;Vitória de Santo Antão;3B
26024072606002;2602407;Brejão;5;2606002;Garanhuns;2C
26024072611606;2602407;Brejão;5;2611606;Recife;1C
26024072604106;2602407;Brejão;5;2604106;Caruaru;2B
26024072602100;2602407;Brejão;5;2602100;Bom Conselho;5
26024072615102;2602407;Brejão;5;2615102;Terezinha;5
26024072612307;2602407;Brejão;5;2612307;Saloá;5
26025062611606;2602506;Brejinho;5;2611606;Recife;1C
26025062613602;2602506;Brejinho;5;2613602;São José do Egito;4B
26025062600104;2602506;Brejinho;5;2600104;Afogados da Ingazeira;3B
26025062607703;2602506;Brejinho;5;2607703;Itapetim;5
26025062604106;2602506;Brejinho;5;2604106;Caruaru;2B
26025062613909;2602506;Brejinho;5;2613909;Serra Talhada;3A
26025062612505;2602506;Brejinho;5;2612505;Santa Cruz do Capibaribe;3B
26025062601201;2602506;Brejinho;5;2601201;Arcoverde;3A
26025062615904;2602506;Brejinho;5;2615904;Tuparetama;5
26025062614600;2602506;Brejinho;5;2614600;Tabira;4B
26025062612802;2602506;Brejinho;5;2612802;Santa Terezinha;5
26026052604106;2602605;Brejo da Madre de Deus;5;2604106;Caruaru;2B
26026052611606;2602605;Brejo da Madre de Deus;5;2611606;Recife;1C
26026052612505;2602605;Brejo da Madre de Deus;5;2612505;Santa Cruz do Capibaribe;3B
26026052608008;2602605;Brejo da Madre de Deus;5;2608008;Jataúba;5
26026052601706;2602605;Brejo da Madre de Deus;5;2601706;Belo Jardim;3B
26026052615409;2602605;Brejo da Madre de Deus;5;2615409;Toritama;5
26026052612455;2602605;Brejo da Madre de Deus;5;2612455;Santa Cruz;5
26027042611606;2602704;Buenos Aires;5;2611606;Recife;1C
26027042604007;2602704;Buenos Aires;5;2604007;Carpina;3B
26027042609501;2602704;Buenos Aires;5;2609501;Nazaré da Mata;5
26027042616308;2602704;Buenos Aires;5;2616308;Vicência;5
26027042608909;2602704;Buenos Aires;5;2608909;Limoeiro;3B
26027042615300;2602704;Buenos Aires;5;2615300;Timbaúba;3B
26027042615508;2602704;Buenos Aires;5;2615508;Tracunhaém;5
26027042613701;2602704;Buenos Aires;5;2613701;São Lourenço da Mata;1C
26027042604106;2602704;Buenos Aires;5;2604106;Caruaru;2B
26027042615409;2602704;Buenos Aires;5;2615409;Toritama;5
26027042603454;2602704;Buenos Aires;5;2603454;Camaragibe;1C
26027042610608;2602704;Buenos Aires;5;2610608;Paudalho;1C
26028032601201;2602803;Buíque;5;2601201;Arcoverde;3A
26028032611606;2602803;Buíque;5;2611606;Recife;1C
26028032604106;2602803;Buíque;5;2604106;Caruaru;2B
26028032615805;2602803;Buíque;5;2615805;Tupanatinga;5
26028032606002;2602803;Buíque;5;2606002;Garanhuns;2C
26028032607505;2602803;Buíque;5;2607505;Itaíba;5
26028032609154;2602803;Buíque;5;2609154;Manari;5
26028032615409;2602803;Buíque;5;2615409;Toritama;5
26029022611606;2602902;Cabo de Santo Agostinho;1C;2611606;Recife;1C
26029022607901;2602902;Cabo de Santo Agostinho;1C;2607901;Jaboatão dos Guararapes;1C
26029022605202;2602902;Cabo de Santo Agostinho;1C;2605202;Escada;3B
26029022611804;2602902;Cabo de Santo Agostinho;1C;2611804;Ribeirão;5
26029022607208;2602902;Cabo de Santo Agostinho;1C;2607208;Ipojuca;1C
26029022616407;2602902;Cabo de Santo Agostinho;1C;2616407;Vitória de Santo Antão;3B
26029022610004;2602902;Cabo de Santo Agostinho;1C;2610004;Palmares;3B
26029022605905;2602902;Cabo de Santo Agostinho;1C;2605905;Gameleira;5
26029022614204;2602902;Cabo de Santo Agostinho;1C;2614204;Sirinhaém;5
26030092611101;2603009;Cabrobó;5;2611101;Petrolina;2C
26030092612208;2603009;Cabrobó;5;2612208;Salgueiro;3B
26030092611606;2603009;Cabrobó;5;2611606;Recife;1C
26030092601607;2603009;Cabrobó;5;2601607;Belém do São Francisco;5
26030092612604;2603009;Cabrobó;5;2612604;Santa Maria da Boa Vista;5
26030092608750;2603009;Cabrobó;5;2608750;Lagoa Grande;5
26030092609808;2603009;Cabrobó;5;2609808;Orocó;5
26030092613909;2603009;Cabrobó;5;2613909;Serra Talhada;3A
26030092604106;2603009;Cabrobó;5;2604106;Caruaru;2B
26031082604106;2603108;Cachoeirinha;5;2604106;Caruaru;2B
26031082611606;2603108;Cachoeirinha;5;2611606;Recife;1C
26031082608800;2603108;Cachoeirinha;5;2608800;Lajedo;4B
26031082606002;2603108;Cachoeirinha;5;2606002;Garanhuns;2C
26031082614857;2603108;Cachoeirinha;5;2614857;Tamandaré;5
26031082601706;2603108;Cachoeirinha;5;2601706;Belo Jardim;3B
26031082613107;2603108;Cachoeirinha;5;2613107;São Caitano;5
26031082615409;2603108;Cachoeirinha;5;2615409;Toritama;5
26031082613404;2603108;Cachoeirinha;5;2613404;São José da Coroa Grande;5
26032072606002;2603207;Caetés;5;2606002;Garanhuns;2C
26032072611606;2603207;Caetés;5;2611606;Recife;1C
26032072601201;2603207;Caetés;5;2601201;Arcoverde;3A
26032072604106;2603207;Caetés;5;2604106;Caruaru;2B
26032072603801;2603207;Caetés;5;2603801;Capoeiras;5
26032072610806;2603207;Caetés;5;2610806;Pedra;5
26032072616001;2603207;Caetés;5;2616001;Venturosa;5
26032072612455;2603207;Caetés;5;2612455;Santa Cruz;5
26032072615409;2603207;Caetés;5;2615409;Toritama;5
26033062606002;2603306;Calçado;5;2606002;Garanhuns;2C
26033062608800;2603306;Calçado;5;2608800;Lajedo;4B
26033062611606;2603306;Calçado;5;2611606;Recife;1C
26033062604106;2603306;Calçado;5;2604106;Caruaru;2B
26033062608305;2603306;Calçado;5;2608305;Jupi;5
26033062601706;2603306;Calçado;5;2601706;Belo Jardim;3B
26033062603702;2603306;Calçado;5;2603702;Canhotinho;5
26033062613008;2603306;Calçado;5;2613008;São Bento do Una;5
26034052613909;2603405;Calumbi;5;2613909;Serra Talhada;3A
26034052611606;2603405;Calumbi;5;2611606;Recife;1C
26034052615706;2603405;Calumbi;5;2615706;Triunfo;5
26034052605608;2603405;Calumbi;5;2605608;Flores;5
26034052600104;2603405;Calumbi;5;2600104;Afogados da Ingazeira;3B
26034052612208;2603405;Calumbi;5;2612208;Salgueiro;3B
26034052604106;2603405;Calumbi;5;2604106;Caruaru;2B
26034052603900;2603405;Calumbi;5;2603900;Carnaíba;5
26034052601201;2603405;Calumbi;5;2601201;Arcoverde;3A
26034052602605;2603405;Calumbi;5;2602605;Brejo da Madre de Deus;5
26034052613503;2603405;Calumbi;5;2613503;São José do Belmonte;5
26034052615409;2603405;Calumbi;5;2615409;Toritama;5
26034052611101;2603405;Calumbi;5;2611101;Petrolina;2C
26034052612505;2603405;Calumbi;5;2612505;Santa Cruz do Capibaribe;3B
26034542611606;2603454;Camaragibe;1C;2611606;Recife;1C
26034542613701;2603454;Camaragibe;1C;2613701;São Lourenço da Mata;1C
26034542604007;2603454;Camaragibe;1C;2604007;Carpina;3B
26034542610608;2603454;Camaragibe;1C;2610608;Paudalho;1C
26034542609600;2603454;Camaragibe;1C;2609600;Olinda;1C
26034542608909;2603454;Camaragibe;1C;2608909;Limoeiro;3B
26034542608453;2603454;Camaragibe;1C;2608453;Lagoa do Carro;5
26034542609501;2603454;Camaragibe;1C;2609501;Nazaré da Mata;5
26034542615508;2603454;Camaragibe;1C;2615508;Tracunhaém;5
26034542604106;2603454;Camaragibe;1C;2604106;Caruaru;2B
26034542616407;2603454;Camaragibe;1C;2616407;Vitória de Santo Antão;3B
26035042604106;2603504;Camocim de São Félix;5;2604106;Caruaru;2B
26035042611606;2603504;Camocim de São Félix;5;2611606;Recife;1C
26035042601904;2603504;Camocim de São Félix;5;2601904;Bezerros;5
26035042602308;2603504;Camocim de São Félix;5;2602308;Bonito;5
26035042612000;2603504;Camocim de São Félix;5;2612000;Sairé;5
26035042604502;2603504;Camocim de São Félix;5;2604502;Chã Grande;5
26035042606408;2603504;Camocim de São Félix;5;2606408;Gravatá;4A
26035042616407;2603504;Camocim de São Félix;5;2616407;Vitória de Santo Antão;3B
26035042612455;2603504;Camocim de São Félix;5;2612455;Santa Cruz;5
26036032611606;2603603;Camutanga;5;2611606;Recife;1C
26036032615300;2603603;Camutanga;5;2615300;Timbaúba;3B
26036032607653;2603603;Camutanga;5;2607653;Itambé;5
26036032605509;2603603;Camutanga;5;2605509;Ferreiros;5
26036032604007;2603603;Camutanga;5;2604007;Carpina;3B
26036032606200;2603603;Camutanga;5;2606200;Goiana;3B
26036032604106;2603603;Camutanga;5;2604106;Caruaru;2B
26037022606002;2603702;Canhotinho;5;2606002;Garanhuns;2C
26037022611606;2603702;Canhotinho;5;2611606;Recife;1C
26037022604106;2603702;Canhotinho;5;2604106;Caruaru;2B
26037022613206;2603702;Canhotinho;5;2613206;São João;5
26037022601003;2603702;Canhotinho;5;2601003;Angelim;5
26037022601706;2603702;Canhotinho;5;2601706;Belo Jardim;3B
26037022611507;2603702;Canhotinho;5;2611507;Quipapá;5
26038012606002;2603801;Capoeiras;5;2606002;Garanhuns;2C
26038012611606;2603801;Capoeiras;5;2611606;Recife;1C
26038012601201;2603801;Capoeiras;5;2601201;Arcoverde;3A
26038012604106;2603801;Capoeiras;5;2604106;Caruaru;2B
26038012613008;2603801;Capoeiras;5;2613008;São Bento do Una;5
26038012603207;2603801;Capoeiras;5;2603207;Caetés;5
26038012610806;2603801;Capoeiras;5;2610806;Pedra;5
26038012616001;2603801;Capoeiras;5;2616001;Venturosa;5
26038012608255;2603801;Capoeiras;5;2608255;Jucati;5
26038012610905;2603801;Capoeiras;5;2610905;Pesqueira;4A
26039002611606;2603900;Carnaíba;5;2611606;Recife;1C
26039002600104;2603900;Carnaíba;5;2600104;Afogados da Ingazeira;3B
26039002613909;2603900;Carnaíba;5;2613909;Serra Talhada;3A
26039002604106;2603900;Carnaíba;5;2604106;Caruaru;2B
26039002605608;2603900;Carnaíba;5;2605608;Flores;5
26039002601201;2603900;Carnaíba;5;2601201;Arcoverde;3A
26039002603405;2603900;Carnaíba;5;2603405;Calumbi;5
26039002615706;2603900;Carnaíba;5;2615706;Triunfo;5
26039002612505;2603900;Carnaíba;5;2612505;Santa Cruz do Capibaribe;3B
26039002615409;2603900;Carnaíba;5;2615409;Toritama;5
26039002611533;2603900;Carnaíba;5;2611533;Quixaba;5
26039002614600;2603900;Carnaíba;5;2614600;Tabira;4B
26039262613909;2603926;Carnaubeira da Penha;5;2613909;Serra Talhada;3A
26039262609303;2603926;Carnaubeira da Penha;5;2609303;Mirandiba;5
26039262611606;2603926;Carnaubeira da Penha;5;2611606;Recife;1C
26039262605707;2603926;Carnaubeira da Penha;5;2605707;Floresta;4B
26039262612208;2603926;Carnaubeira da Penha;5;2612208;Salgueiro;3B
26039262611101;2603926;Carnaubeira da Penha;5;2611101;Petrolina;2C
26039262604106;2603926;Carnaubeira da Penha;5;2604106;Caruaru;2B
26039262613503;2603926;Carnaubeira da Penha;5;2613503;São José do Belmonte;5
26040072611606;2604007;Carpina;3B;2611606;Recife;1C
26040072608909;2604007;Carpina;3B;2608909;Limoeiro;3B
26040072613701;2604007;Carpina;3B;2613701;São Lourenço da Mata;1C
26040072610608;2604007;Carpina;3B;2610608;Paudalho;1C
26040072604106;2604007;Carpina;3B;2604106;Caruaru;2B
26040072603454;2604007;Carpina;3B;2603454;Camaragibe;1C
26040072609501;2604007;Carpina;3B;2609501;Nazaré da Mata;5
26040072608453;2604007;Carpina;3B;2608453;Lagoa do Carro;5
26040072616407;2604007;Carpina;3B;2616407;Vitória de Santo Antão;3B
26040072615300;2604007;Carpina;3B;2615300;Timbaúba;3B
26040072615508;2604007;Carpina;3B;2615508;Tracunhaém;5
26040072616308;2604007;Carpina;3B;2616308;Vicência;5
26041552614501;2604155;Casinhas;5;2614501;Surubim;3B
26041552611606;2604155;Casinhas;5;2611606;Recife;1C
26041552604106;2604155;Casinhas;5;2604106;Caruaru;2B
26041552604007;2604155;Casinhas;5;2604007;Carpina;3B
26041552608909;2604155;Casinhas;5;2608909;Limoeiro;3B
26041552615409;2604155;Casinhas;5;2615409;Toritama;5
26041552609709;2604155;Casinhas;5;2609709;Orobó;5
26041552612505;2604155;Casinhas;5;2612505;Santa Cruz do Capibaribe;3B
26042052611606;2604205;Catende;5;2611606;Recife;1C
26042052604106;2604205;Catende;5;2604106;Caruaru;2B
26042052610004;2604205;Catende;5;2610004;Palmares;3B
26042052601508;2604205;Catende;5;2601508;Belém de Maria;5
26042052615409;2604205;Catende;5;2615409;Toritama;5
26042052600302;2604205;Catende;5;2600302;Agrestina;5
26042052602308;2604205;Catende;5;2602308;Bonito;5
26042052616407;2604205;Catende;5;2616407;Vitória de Santo Antão;3B
26042052600401;2604205;Catende;5;2600401;Água Preta;5
26042052606002;2604205;Catende;5;2606002;Garanhuns;2C
26042052612505;2604205;Catende;5;2612505;Santa Cruz do Capibaribe;3B
26043042612208;2604304;Cedro;5;2612208;Salgueiro;3B
26043042611606;2604304;Cedro;5;2611606;Recife;1C
26043042611101;2604304;Cedro;5;2611101;Petrolina;2C
26043042604106;2604304;Cedro;5;2604106;Caruaru;2B
26044032616407;2604403;Chã de Alegria;5;2616407;Vitória de Santo Antão;3B
26044032611606;2604403;Chã de Alegria;5;2611606;Recife;1C
26044032604007;2604403;Chã de Alegria;5;2604007;Carpina;3B
26044032606101;2604403;Chã de Alegria;5;2606101;Glória do Goitá;5
26044032608909;2604403;Chã de Alegria;5;2608909;Limoeiro;3B
26044032604106;2604403;Chã de Alegria;5;2604106;Caruaru;2B
26044032610608;2604403;Chã de Alegria;5;2610608;Paudalho;1C
26044032613701;2604403;Chã de Alegria;5;2613701;São Lourenço da Mata;1C
26044032609501;2604403;Chã de Alegria;5;2609501;Nazaré da Mata;5
26044032603454;2604403;Chã de Alegria;5;2603454;Camaragibe;1C
26044032609402;2604403;Chã de Alegria;5;2609402;Moreno;1C
26045022611606;2604502;Chã Grande;5;2611606;Recife;1C
26045022616407;2604502;Chã Grande;5;2616407;Vitória de Santo Antão;3B
26045022604106;2604502;Chã Grande;5;2604106;Caruaru;2B
26045022606408;2604502;Chã Grande;5;2606408;Gravatá;4A
26045022601904;2604502;Chã Grande;5;2601904;Bezerros;5
26045022609402;2604502;Chã Grande;5;2609402;Moreno;1C
26045022611309;2604502;Chã Grande;5;2611309;Pombos;5
26046012606200;2604601;Condado;5;2606200;Goiana;3B
26046012611606;2604601;Condado;5;2611606;Recife;1C
26046012615300;2604601;Condado;5;2615300;Timbaúba;3B
26046012604007;2604601;Condado;5;2604007;Carpina;3B
26046012600708;2604601;Condado;5;2600708;Aliança;5
26046012609501;2604601;Condado;5;2609501;Nazaré da Mata;5
26046012607802;2604601;Condado;5;2607802;Itaquitinga;5
26046012610707;2604601;Condado;5;2610707;Paulista;1C
26047002606002;2604700;Correntes;5;2606002;Garanhuns;2C
26047002611606;2604700;Correntes;5;2611606;Recife;1C
26047002604106;2604700;Correntes;5;2604106;Caruaru;2B
26048092611606;2604809;Cortês;5;2611606;Recife;1C
26048092604106;2604809;Cortês;5;2604106;Caruaru;2B
26048092610004;2604809;Cortês;5;2610004;Palmares;3B
26048092611804;2604809;Cortês;5;2611804;Ribeirão;5
26048092605202;2604809;Cortês;5;2605202;Escada;3B
26048092601300;2604809;Cortês;5;2601300;Barra de Guabiraba;5
26048092602308;2604809;Cortês;5;2602308;Bonito;5
26048092603504;2604809;Cortês;5;2603504;Camocim de São Félix;5
26048092602902;2604809;Cortês;5;2602902;Cabo de Santo Agostinho;1C
26049082604106;2604908;Cumaru;5;2604106;Caruaru;2B
26049082611606;2604908;Cumaru;5;2611606;Recife;1C
26049082608909;2604908;Cumaru;5;2608909;Limoeiro;3B
26049082610509;2604908;Cumaru;5;2610509;Passira;5
26049082616407;2604908;Cumaru;5;2616407;Vitória de Santo Antão;3B
26049082604007;2604908;Cumaru;5;2604007;Carpina;3B
26049082608453;2604908;Cumaru;5;2608453;Lagoa do Carro;5
26049082610608;2604908;Cumaru;5;2610608;Paudalho;1C
26049082613701;2604908;Cumaru;5;2613701;São Lourenço da Mata;1C
26049082615409;2604908;Cumaru;5;2615409;Toritama;5
26049082609501;2604908;Cumaru;5;2609501;Nazaré da Mata;5
26049082611705;2604908;Cumaru;5;2611705;Riacho das Almas;5
26049082612505;2604908;Cumaru;5;2612505;Santa Cruz do Capibaribe;3B
26049082606002;2604908;Cumaru;5;2606002;Garanhuns;2C
26050042604106;2605004;Cupira;5;2604106;Caruaru;2B
26050042611606;2605004;Cupira;5;2611606;Recife;1C
26050042600302;2605004;Cupira;5;2600302;Agrestina;5
26050042610202;2605004;Cupira;5;2610202;Panelas;5
26050042610004;2605004;Cupira;5;2610004;Palmares;3B
26050042608701;2605004;Cupira;5;2608701;Lagoa dos Gatos;5
26050042606002;2605004;Cupira;5;2606002;Garanhuns;2C
26050042613305;2605004;Cupira;5;2613305;São Joaquim do Monte;5
26050042601508;2605004;Cupira;5;2601508;Belém de Maria;5
26050042604205;2605004;Cupira;5;2604205;Catende;5
26051032611606;2605103;Custódia;5;2611606;Recife;1C
26051032601201;2605103;Custódia;5;2601201;Arcoverde;3A
26051032613909;2605103;Custódia;5;2613909;Serra Talhada;3A
26051032604106;2605103;Custódia;5;2604106;Caruaru;2B
26051032615706;2605103;Custódia;5;2615706;Triunfo;5
26051032614105;2605103;Custódia;5;2614105;Sertânia;5
26051032612208;2605103;Custódia;5;2612208;Salgueiro;3B
26051522611101;2605152;Dormentes;5;2611101;Petrolina;2C
26051522611606;2605152;Dormentes;5;2611606;Recife;1C
26051522600203;2605152;Dormentes;5;2600203;Afrânio;5
26051522612554;2605152;Dormentes;5;2612554;Santa Filomena;5
26051522604106;2605152;Dormentes;5;2604106;Caruaru;2B
26051522609907;2605152;Dormentes;5;2609907;Ouricuri;3A
26051522601607;2605152;Dormentes;5;2601607;Belém do São Francisco;5
26052022611606;2605202;Escada;3B;2611606;Recife;1C
26052022602902;2605202;Escada;3B;2602902;Cabo de Santo Agostinho;1C
26052022616407;2605202;Escada;3B;2616407;Vitória de Santo Antão;3B
26052022607901;2605202;Escada;3B;2607901;Jaboatão dos Guararapes;1C
26052022610004;2605202;Escada;3B;2610004;Palmares;3B
26052022611804;2605202;Escada;3B;2611804;Ribeirão;5
26052022605905;2605202;Escada;3B;2605905;Gameleira;5
26052022604106;2605202;Escada;3B;2604106;Caruaru;2B
26052022612455;2605202;Escada;3B;2612455;Santa Cruz;5
26053012611606;2605301;Exu;5;2611606;Recife;1C
26053012609907;2605301;Exu;5;2609907;Ouricuri;3A
26053012601102;2605301;Exu;5;2601102;Araripina;3B
26053012612208;2605301;Exu;5;2612208;Salgueiro;3B
26053012602001;2605301;Exu;5;2602001;Bodocó;5
26053012611101;2605301;Exu;5;2611101;Petrolina;2C
26053012608750;2605301;Exu;5;2608750;Lagoa Grande;5
26053012615607;2605301;Exu;5;2615607;Trindade;5
26054002608909;2605400;Feira Nova;5;2608909;Limoeiro;3B
26054002611606;2605400;Feira Nova;5;2611606;Recife;1C
26054002616407;2605400;Feira Nova;5;2616407;Vitória de Santo Antão;3B
26054002604007;2605400;Feira Nova;5;2604007;Carpina;3B
26054002604106;2605400;Feira Nova;5;2604106;Caruaru;2B
26054002613701;2605400;Feira Nova;5;2613701;São Lourenço da Mata;1C
26054002608503;2605400;Feira Nova;5;2608503;Lagoa de Itaenga;5
26054002606101;2605400;Feira Nova;5;2606101;Glória do Goitá;5
26054002609501;2605400;Feira Nova;5;2609501;Nazaré da Mata;5
26054002607901;2605400;Feira Nova;5;2607901;Jaboatão dos Guararapes;1C
26054002609402;2605400;Feira Nova;5;2609402;Moreno;1C
26054002612455;2605400;Feira Nova;5;2612455;Santa Cruz;5
26054592611606;2605459;Fernando de Noronha;5;2611606;Recife;1C
26055092611606;2605509;Ferreiros;5;2611606;Recife;1C
26055092615300;2605509;Ferreiros;5;2615300;Timbaúba;3B
26055092607653;2605509;Ferreiros;5;2607653;Itambé;5
26055092603603;2605509;Ferreiros;5;2603603;Camutanga;5
26055092604007;2605509;Ferreiros;5;2604007;Carpina;3B
26055092606200;2605509;Ferreiros;5;2606200;Goiana;3B
26055092609501;2605509;Ferreiros;5;2609501;Nazaré da Mata;5
26056082613909;2605608;Flores;5;2613909;Serra Talhada;3A
26056082611606;2605608;Flores;5;2611606;Recife;1C
26056082600104;2605608;Flores;5;2600104;Afogados da Ingazeira;3B
26056082615706;2605608;Flores;5;2615706;Triunfo;5
26056082603405;2605608;Flores;5;2603405;Calumbi;5
26056082603900;2605608;Flores;5;2603900;Carnaíba;5
26056082605103;2605608;Flores;5;2605103;Custódia;5
26057072613909;2605707;Floresta;4B;2613909;Serra Talhada;3A
26057072611606;2605707;Floresta;4B;2611606;Recife;1C
26057072611002;2605707;Floresta;4B;2611002;Petrolândia;4B
26057072604106;2605707;Floresta;4B;2604106;Caruaru;2B
26057072612208;2605707;Floresta;4B;2612208;Salgueiro;3B
26057072601607;2605707;Floresta;4B;2601607;Belém do São Francisco;5
26057072611101;2605707;Floresta;4B;2611101;Petrolina;2C
26057072608057;2605707;Floresta;4B;2608057;Jatobá;5
26057072607406;2605707;Floresta;4B;2607406;Itacuruba;5
26057072612505;2605707;Floresta;4B;2612505;Santa Cruz do Capibaribe;3B
26057072600104;2605707;Floresta;4B;2600104;Afogados da Ingazeira;3B
26057072601201;2605707;Floresta;4B;2601201;Arcoverde;3A
26058062604106;2605806;Frei Miguelinho;5;2604106;Caruaru;2B
26058062611606;2605806;Frei Miguelinho;5;2611606;Recife;1C
26058062614501;2605806;Frei Miguelinho;5;2614501;Surubim;3B
26058062615409;2605806;Frei Miguelinho;5;2615409;Toritama;5
26058062616209;2605806;Frei Miguelinho;5;2616209;Vertentes;5
26058062608909;2605806;Frei Miguelinho;5;2608909;Limoeiro;3B
26058062612505;2605806;Frei Miguelinho;5;2612505;Santa Cruz do Capibaribe;3B
26059052611606;2605905;Gameleira;5;2611606;Recife;1C
26059052610004;2605905;Gameleira;5;2610004;Palmares;3B
26059052611804;2605905;Gameleira;5;2611804;Ribeirão;5
26059052602902;2605905;Gameleira;5;2602902;Cabo de Santo Agostinho;1C
26059052605202;2605905;Gameleira;5;2605202;Escada;3B
26059052607901;2605905;Gameleira;5;2607901;Jaboatão dos Guararapes;1C
26059052616407;2605905;Gameleira;5;2616407;Vitória de Santo Antão;3B
26059052604106;2605905;Gameleira;5;2604106;Caruaru;2B
26059052613701;2605905;Gameleira;5;2613701;São Lourenço da Mata;1C
26059052615409;2605905;Gameleira;5;2615409;Toritama;5
26060022611606;2606002;Garanhuns;2C;2611606;Recife;1C
26060022604106;2606002;Garanhuns;2C;2604106;Caruaru;2B
26060022608800;2606002;Garanhuns;2C;2608800;Lajedo;4B
26060022613206;2606002;Garanhuns;2C;2613206;São João;5
26060022606408;2606002;Garanhuns;2C;2606408;Gravatá;4A
26060022601003;2606002;Garanhuns;2C;2601003;Angelim;5
26060022608305;2606002;Garanhuns;2C;2608305;Jupi;5
26060022602407;2606002;Garanhuns;2C;2602407;Brejão;5
26060022615409;2606002;Garanhuns;2C;2615409;Toritama;5
26060022601904;2606002;Garanhuns;2C;2601904;Bezerros;5
26060022601201;2606002;Garanhuns;2C;2601201;Arcoverde;3A
26060022612455;2606002;Garanhuns;2C;2612455;Santa Cruz;5
26060022601706;2606002;Garanhuns;2C;2601706;Belo Jardim;3B
26061012616407;2606101;Glória do Goitá;5;2616407;Vitória de Santo Antão;3B
26061012611606;2606101;Glória do Goitá;5;2611606;Recife;1C
26061012608909;2606101;Glória do Goitá;5;2608909;Limoeiro;3B
26061012604007;2606101;Glória do Goitá;5;2604007;Carpina;3B
26061012613701;2606101;Glória do Goitá;5;2613701;São Lourenço da Mata;1C
26061012604106;2606101;Glória do Goitá;5;2604106;Caruaru;2B
26061012605400;2606101;Glória do Goitá;5;2605400;Feira Nova;5
26061012609402;2606101;Glória do Goitá;5;2609402;Moreno;1C
26061012607901;2606101;Glória do Goitá;5;2607901;Jaboatão dos Guararapes;1C
26061012601904;2606101;Glória do Goitá;5;2601904;Bezerros;5
26062002611606;2606200;Goiana;3B;2611606;Recife;1C
26062002604601;2606200;Goiana;3B;2604601;Condado;5
26062002600708;2606200;Goiana;3B;2600708;Aliança;5
26062002607802;2606200;Goiana;3B;2607802;Itaquitinga;5
26062002606804;2606200;Goiana;3B;2606804;Igarassu;1C
26062002610707;2606200;Goiana;3B;2610707;Paulista;1C
26062002615300;2606200;Goiana;3B;2615300;Timbaúba;3B
26063092601102;2606309;Granito;5;2601102;Araripina;3B
26063092611606;2606309;Granito;5;2611606;Recife;1C
26063092609907;2606309;Granito;5;2609907;Ouricuri;3A
26063092605301;2606309;Granito;5;2605301;Exu;5
26063092612208;2606309;Granito;5;2612208;Salgueiro;3B
26063092602001;2606309;Granito;5;2602001;Bodocó;5
26063092614303;2606309;Granito;5;2614303;Moreilândia;5
26063092614006;2606309;Granito;5;2614006;Serrita;5
26063092611101;2606309;Granito;5;2611101;Petrolina;2C
26064082604106;2606408;Gravatá;4A;2604106;Caruaru;2B
26064082611606;2606408;Gravatá;4A;2611606;Recife;1C
26064082616407;2606408;Gravatá;4A;2616407;Vitória de Santo Antão;3B
26064082604502;2606408;Gravatá;4A;2604502;Chã Grande;5
26064082601904;2606408;Gravatá;4A;2601904;Bezerros;5
26064082612505;2606408;Gravatá;4A;2612505;Santa Cruz do Capibaribe;3B
26065072606002;2606507;Iati;5;2606002;Garanhuns;2C
26065072611606;2606507;Iati;5;2611606;Recife;1C
26065072604106;2606507;Iati;5;2604106;Caruaru;2B
26065072600500;2606507;Iati;5;2600500;Águas Belas;5
26065072601201;2606507;Iati;5;2601201;Arcoverde;3A
26066062601201;2606606;Ibimirim;5;2601201;Arcoverde;3A
26066062611606;2606606;Ibimirim;5;2611606;Recife;1C
26066062604106;2606606;Ibimirim;5;2604106;Caruaru;2B
26066062607000;2606606;Ibimirim;5;2607000;Inajá;5
26066062605707;2606606;Ibimirim;5;2605707;Floresta;4B
26066062611101;2606606;Ibimirim;5;2611101;Petrolina;2C
26066062613909;2606606;Ibimirim;5;2613909;Serra Talhada;3A
26066062611002;2606606;Ibimirim;5;2611002;Petrolândia;4B
26066062614808;2606606;Ibimirim;5;2614808;Tacaratu;5
26066062601607;2606606;Ibimirim;5;2601607;Belém do São Francisco;5
26066062606002;2606606;Ibimirim;5;2606002;Garanhuns;2C
26067052604106;2606705;Ibirajuba;5;2604106;Caruaru;2B
26067052608800;2606705;Ibirajuba;5;2608800;Lajedo;4B
26067052611606;2606705;Ibirajuba;5;2611606;Recife;1C
26067052606002;2606705;Ibirajuba;5;2606002;Garanhuns;2C
26067052600807;2606705;Ibirajuba;5;2600807;Altinho;5
26067052601706;2606705;Ibirajuba;5;2601706;Belo Jardim;3B
26067052600302;2606705;Ibirajuba;5;2600302;Agrestina;5
26067052605004;2606705;Ibirajuba;5;2605004;Cupira;5
26067052608404;2606705;Ibirajuba;5;2608404;Jurema;5
26067052610202;2606705;Ibirajuba;5;2610202;Panelas;5
26068042611606;2606804;Igarassu;1C;2611606;Recife;1C
26068042600054;2606804;Igarassu;1C;2600054;Abreu e Lima;1C
26068042610707;2606804;Igarassu;1C;2610707;Paulista;1C
26068042609600;2606804;Igarassu;1C;2609600;Olinda;1C
26068042606200;2606804;Igarassu;1C;2606200;Goiana;3B
26068042607752;2606804;Igarassu;1C;2607752;Itapissuma;1C
26068042613701;2606804;Igarassu;1C;2613701;São Lourenço da Mata;1C
26069032600104;2606903;Iguaracy;5;2600104;Afogados da Ingazeira;3B
26069032611606;2606903;Iguaracy;5;2611606;Recife;1C
26069032613909;2606903;Iguaracy;5;2613909;Serra Talhada;3A
26069032601201;2606903;Iguaracy;5;2601201;Arcoverde;3A
26069032614105;2606903;Iguaracy;5;2614105;Sertânia;5
26069032604106;2606903;Iguaracy;5;2604106;Caruaru;2B
26069032607109;2606903;Iguaracy;5;2607109;Ingazeira;5
26069032614600;2606903;Iguaracy;5;2614600;Tabira;4B
26069032605103;2606903;Iguaracy;5;2605103;Custódia;5
26069032615904;2606903;Iguaracy;5;2615904;Tuparetama;5
26069032612505;2606903;Iguaracy;5;2612505;Santa Cruz do Capibaribe;3B
26069032616407;2606903;Iguaracy;5;2616407;Vitória de Santo Antão;3B
26069032613602;2606903;Iguaracy;5;2613602;São José do Egito;4B
26070002601201;2607000;Inajá;5;2601201;Arcoverde;3A
26070002611606;2607000;Inajá;5;2611606;Recife;1C
26070002611002;2607000;Inajá;5;2611002;Petrolândia;4B
26070002615805;2607000;Inajá;5;2615805;Tupanatinga;5
26070002606002;2607000;Inajá;5;2606002;Garanhuns;2C
26070002613909;2607000;Inajá;5;2613909;Serra Talhada;3A
26070002604106;2607000;Inajá;5;2604106;Caruaru;2B
26070002614808;2607000;Inajá;5;2614808;Tacaratu;5
26070002609154;2607000;Inajá;5;2609154;Manari;5
26071092600104;2607109;Ingazeira;5;2600104;Afogados da Ingazeira;3B
26071092611606;2607109;Ingazeira;5;2611606;Recife;1C
26071092614600;2607109;Ingazeira;5;2614600;Tabira;4B
26071092615904;2607109;Ingazeira;5;2615904;Tuparetama;5
26071092604106;2607109;Ingazeira;5;2604106;Caruaru;2B
26071092613909;2607109;Ingazeira;5;2613909;Serra Talhada;3A
26071092612505;2607109;Ingazeira;5;2612505;Santa Cruz do Capibaribe;3B
26071092615409;2607109;Ingazeira;5;2615409;Toritama;5
26071092606903;2607109;Ingazeira;5;2606903;Iguaracy;5
26071092613602;2607109;Ingazeira;5;2613602;São José do Egito;4B
26071092601201;2607109;Ingazeira;5;2601201;Arcoverde;3A
26072082611606;2607208;Ipojuca;1C;2611606;Recife;1C
26072082602902;2607208;Ipojuca;1C;2602902;Cabo de Santo Agostinho;1C
26072082614204;2607208;Ipojuca;1C;2614204;Sirinhaém;5
26072082611903;2607208;Ipojuca;1C;2611903;Rio Formoso;5
26072082607901;2607208;Ipojuca;1C;2607901;Jaboatão dos Guararapes;1C
26072082614857;2607208;Ipojuca;1C;2614857;Tamandaré;5
26072082601409;2607208;Ipojuca;1C;2601409;Barreiros;4A
26072082613404;2607208;Ipojuca;1C;2613404;São José da Coroa Grande;5
26073072601102;2607307;Ipubi;5;2601102;Araripina;3B
26073072609907;2607307;Ipubi;5;2609907;Ouricuri;3A
26073072611101;2607307;Ipubi;5;2611101;Petrolina;2C
26073072615607;2607307;Ipubi;5;2615607;Trindade;5
26073072611606;2607307;Ipubi;5;2611606;Recife;1C
26073072608750;2607307;Ipubi;5;2608750;Lagoa Grande;5
26073072612455;2607307;Ipubi;5;2612455;Santa Cruz;5
26073072612208;2607307;Ipubi;5;2612208;Salgueiro;3B
26073072605301;2607307;Ipubi;5;2605301;Exu;5
26074062605707;2607406;Itacuruba;5;2605707;Floresta;4B
26074062601607;2607406;Itacuruba;5;2601607;Belém do São Francisco;5
26074062611606;2607406;Itacuruba;5;2611606;Recife;1C
26074062611101;2607406;Itacuruba;5;2611101;Petrolina;2C
26074062613909;2607406;Itacuruba;5;2613909;Serra Talhada;3A
26074062603009;2607406;Itacuruba;5;2603009;Cabrobó;5
26074062611002;2607406;Itacuruba;5;2611002;Petrolândia;4B
26074062604106;2607406;Itacuruba;5;2604106;Caruaru;2B
26074062601201;2607406;Itacuruba;5;2601201;Arcoverde;3A
26074062612208;2607406;Itacuruba;5;2612208;Salgueiro;3B
26075052601201;2607505;Itaíba;5;2601201;Arcoverde;3A
26075052611606;2607505;Itaíba;5;2611606;Recife;1C
26075052606002;2607505;Itaíba;5;2606002;Garanhuns;2C
26075052600500;2607505;Itaíba;5;2600500;Águas Belas;5
26075052602803;2607505;Itaíba;5;2602803;Buíque;5
26075052604106;2607505;Itaíba;5;2604106;Caruaru;2B
26075052615805;2607505;Itaíba;5;2615805;Tupanatinga;5
26075052609154;2607505;Itaíba;5;2609154;Manari;5
26076042611606;2607604;Ilha de Itamaracá;1C;2611606;Recife;1C
26076042606804;2607604;Ilha de Itamaracá;1C;2606804;Igarassu;1C
26076042600054;2607604;Ilha de Itamaracá;1C;2600054;Abreu e Lima;1C
26076042609600;2607604;Ilha de Itamaracá;1C;2609600;Olinda;1C
26076042610707;2607604;Ilha de Itamaracá;1C;2610707;Paulista;1C
26076042613701;2607604;Ilha de Itamaracá;1C;2613701;São Lourenço da Mata;1C
26076042602902;2607604;Ilha de Itamaracá;1C;2602902;Cabo de Santo Agostinho;1C
26076042607752;2607604;Ilha de Itamaracá;1C;2607752;Itapissuma;1C
26076532611606;2607653;Itambé;5;2611606;Recife;1C
26076532606200;2607653;Itambé;5;2606200;Goiana;3B
26076532615300;2607653;Itambé;5;2615300;Timbaúba;3B
26076532603603;2607653;Itambé;5;2603603;Camutanga;5
26076532605509;2607653;Itambé;5;2605509;Ferreiros;5
26076532604106;2607653;Itambé;5;2604106;Caruaru;2B
26076532604007;2607653;Itambé;5;2604007;Carpina;3B
26077032611606;2607703;Itapetim;5;2611606;Recife;1C
26077032613602;2607703;Itapetim;5;2613602;São José do Egito;4B
26077032600104;2607703;Itapetim;5;2600104;Afogados da Ingazeira;3B
26077032604106;2607703;Itapetim;5;2604106;Caruaru;2B
26077032612505;2607703;Itapetim;5;2612505;Santa Cruz do Capibaribe;3B
26077032601201;2607703;Itapetim;5;2601201;Arcoverde;3A
26077032602506;2607703;Itapetim;5;2602506;Brejinho;5
26077032614600;2607703;Itapetim;5;2614600;Tabira;4B
26077032615409;2607703;Itapetim;5;2615409;Toritama;5
26077032613909;2607703;Itapetim;5;2613909;Serra Talhada;3A
26077522611606;2607752;Itapissuma;1C;2611606;Recife;1C
26077522606804;2607752;Itapissuma;1C;2606804;Igarassu;1C
26077522600054;2607752;Itapissuma;1C;2600054;Abreu e Lima;1C
26077522609600;2607752;Itapissuma;1C;2609600;Olinda;1C
26077522610707;2607752;Itapissuma;1C;2610707;Paulista;1C
26077522613701;2607752;Itapissuma;1C;2613701;São Lourenço da Mata;1C
26077522604106;2607752;Itapissuma;1C;2604106;Caruaru;2B
26077522606200;2607752;Itapissuma;1C;2606200;Goiana;3B
26077522607901;2607752;Itapissuma;1C;2607901;Jaboatão dos Guararapes;1C
26077522615409;2607752;Itapissuma;1C;2615409;Toritama;5
26078022611606;2607802;Itaquitinga;5;2611606;Recife;1C
26078022606200;2607802;Itaquitinga;5;2606200;Goiana;3B
26078022604007;2607802;Itaquitinga;5;2604007;Carpina;3B
26078022609501;2607802;Itaquitinga;5;2609501;Nazaré da Mata;5
26078022604601;2607802;Itaquitinga;5;2604601;Condado;5
26078022608909;2607802;Itaquitinga;5;2608909;Limoeiro;3B
26078022615300;2607802;Itaquitinga;5;2615300;Timbaúba;3B
26079502611606;2607950;Jaqueira;5;2611606;Recife;1C
26079502610004;2607950;Jaqueira;5;2610004;Palmares;3B
26079502604106;2607950;Jaqueira;5;2604106;Caruaru;2B
26079502609204;2607950;Jaqueira;5;2609204;Maraial;5
26079502604205;2607950;Jaqueira;5;2604205;Catende;5
26079502612901;2607950;Jaqueira;5;2612901;São Benedito do Sul;5
26079502611507;2607950;Jaqueira;5;2611507;Quipapá;5
26079502601003;2607950;Jaqueira;5;2601003;Angelim;5
26079502603702;2607950;Jaqueira;5;2603702;Canhotinho;5
26079502606002;2607950;Jaqueira;5;2606002;Garanhuns;2C
26079502613206;2607950;Jaqueira;5;2613206;São João;5
26079502615409;2607950;Jaqueira;5;2615409;Toritama;5
26080082604106;2608008;Jataúba;5;2604106;Caruaru;2B
26080082612505;2608008;Jataúba;5;2612505;Santa Cruz do Capibaribe;3B
26080082611606;2608008;Jataúba;5;2611606;Recife;1C
26080082602605;2608008;Jataúba;5;2602605;Brejo da Madre de Deus;5
26080082615409;2608008;Jataúba;5;2615409;Toritama;5
26080082601706;2608008;Jataúba;5;2601706;Belo Jardim;3B
26080082606002;2608008;Jataúba;5;2606002;Garanhuns;2C
26080572611002;2608057;Jatobá;5;2611002;Petrolândia;4B
26080572611606;2608057;Jatobá;5;2611606;Recife;1C
26080572605707;2608057;Jatobá;5;2605707;Floresta;4B
26080572614808;2608057;Jatobá;5;2614808;Tacaratu;5
26080572604106;2608057;Jatobá;5;2604106;Caruaru;2B
26080572613909;2608057;Jatobá;5;2613909;Serra Talhada;3A
26080572601607;2608057;Jatobá;5;2601607;Belém do São Francisco;5
26081072611606;2608107;João Alfredo;5;2611606;Recife;1C
26081072608909;2608107;João Alfredo;5;2608909;Limoeiro;3B
26081072614501;2608107;João Alfredo;5;2614501;Surubim;3B
26081072616407;2608107;João Alfredo;5;2616407;Vitória de Santo Antão;3B
26081072604007;2608107;João Alfredo;5;2604007;Carpina;3B
26081072612109;2608107;João Alfredo;5;2612109;Salgadinho;5
26081072604106;2608107;João Alfredo;5;2604106;Caruaru;2B
26081072609501;2608107;João Alfredo;5;2609501;Nazaré da Mata;5
26081072612505;2608107;João Alfredo;5;2612505;Santa Cruz do Capibaribe;3B
26081072615409;2608107;João Alfredo;5;2615409;Toritama;5
26081072602209;2608107;João Alfredo;5;2602209;Bom Jardim;5
26081072608453;2608107;João Alfredo;5;2608453;Lagoa do Carro;5
26081072610608;2608107;João Alfredo;5;2610608;Paudalho;1C
26081072613701;2608107;João Alfredo;5;2613701;São Lourenço da Mata;1C
26082062611606;2608206;Joaquim Nabuco;5;2611606;Recife;1C
26082062610004;2608206;Joaquim Nabuco;5;2610004;Palmares;3B
26082062604106;2608206;Joaquim Nabuco;5;2604106;Caruaru;2B
26082062602902;2608206;Joaquim Nabuco;5;2602902;Cabo de Santo Agostinho;1C
26082062605202;2608206;Joaquim Nabuco;5;2605202;Escada;3B
26082062616407;2608206;Joaquim Nabuco;5;2616407;Vitória de Santo Antão;3B
26082552606002;2608255;Jucati;5;2606002;Garanhuns;2C
26082552611606;2608255;Jucati;5;2611606;Recife;1C
26082552608305;2608255;Jucati;5;2608305;Jupi;5
26082552604106;2608255;Jucati;5;2604106;Caruaru;2B
26082552608800;2608255;Jucati;5;2608800;Lajedo;4B
26082552601706;2608255;Jucati;5;2601706;Belo Jardim;3B
26082552612455;2608255;Jucati;5;2612455;Santa Cruz;5
26083052606002;2608305;Jupi;5;2606002;Garanhuns;2C
26083052611606;2608305;Jupi;5;2611606;Recife;1C
26083052604106;2608305;Jupi;5;2604106;Caruaru;2B
26083052608800;2608305;Jupi;5;2608800;Lajedo;4B
26083052608255;2608305;Jupi;5;2608255;Jucati;5
26083052608404;2608305;Jupi;5;2608404;Jurema;5
26083052601706;2608305;Jupi;5;2601706;Belo Jardim;3B
26083052603306;2608305;Jupi;5;2603306;Calçado;5
26084042604106;2608404;Jurema;5;2604106;Caruaru;2B
26084042608800;2608404;Jurema;5;2608800;Lajedo;4B
26084042606002;2608404;Jurema;5;2606002;Garanhuns;2C
26084042611606;2608404;Jurema;5;2611606;Recife;1C
26084042610202;2608404;Jurema;5;2610202;Panelas;5
26084042601706;2608404;Jurema;5;2601706;Belo Jardim;3B
26084042605004;2608404;Jurema;5;2605004;Cupira;5
26084042608305;2608404;Jurema;5;2608305;Jupi;5
26084042616407;2608404;Jurema;5;2616407;Vitória de Santo Antão;3B
26084042601904;2608404;Jurema;5;2601904;Bezerros;5
26084042609402;2608404;Jurema;5;2609402;Moreno;1C
26084042612505;2608404;Jurema;5;2612505;Santa Cruz do Capibaribe;3B
26084042615409;2608404;Jurema;5;2615409;Toritama;5
26084532611606;2608453;Lagoa do Carro;5;2611606;Recife;1C
26084532604007;2608453;Lagoa do Carro;5;2604007;Carpina;3B
26084532608909;2608453;Lagoa do Carro;5;2608909;Limoeiro;3B
26084532613701;2608453;Lagoa do Carro;5;2613701;São Lourenço da Mata;1C
26084532609501;2608453;Lagoa do Carro;5;2609501;Nazaré da Mata;5
26084532610608;2608453;Lagoa do Carro;5;2610608;Paudalho;1C
26084532616407;2608453;Lagoa do Carro;5;2616407;Vitória de Santo Antão;3B
26084532604106;2608453;Lagoa do Carro;5;2604106;Caruaru;2B
26084532615508;2608453;Lagoa do Carro;5;2615508;Tracunhaém;5
26084532608107;2608453;Lagoa do Carro;5;2608107;João Alfredo;5
26084532606408;2608453;Lagoa do Carro;5;2606408;Gravatá;4A
26085032611606;2608503;Lagoa de Itaenga;5;2611606;Recife;1C
26085032604007;2608503;Lagoa de Itaenga;5;2604007;Carpina;3B
26085032608909;2608503;Lagoa de Itaenga;5;2608909;Limoeiro;3B
26085032616407;2608503;Lagoa de Itaenga;5;2616407;Vitória de Santo Antão;3B
26085032613701;2608503;Lagoa de Itaenga;5;2613701;São Lourenço da Mata;1C
26085032605400;2608503;Lagoa de Itaenga;5;2605400;Feira Nova;5
26085032610608;2608503;Lagoa de Itaenga;5;2610608;Paudalho;1C
26085032604106;2608503;Lagoa de Itaenga;5;2604106;Caruaru;2B
26085032609501;2608503;Lagoa de Itaenga;5;2609501;Nazaré da Mata;5
26085032603454;2608503;Lagoa de Itaenga;5;2603454;Camaragibe;1C
26085032615300;2608503;Lagoa de Itaenga;5;2615300;Timbaúba;3B
26086022606002;2608602;Lagoa do Ouro;5;2606002;Garanhuns;2C
26086022611606;2608602;Lagoa do Ouro;5;2611606;Recife;1C
26086022604106;2608602;Lagoa do Ouro;5;2604106;Caruaru;2B
26086022602100;2608602;Lagoa do Ouro;5;2602100;Bom Conselho;5
26086022604700;2608602;Lagoa do Ouro;5;2604700;Correntes;5
26086022602407;2608602;Lagoa do Ouro;5;2602407;Brejão;5
26086022615102;2608602;Lagoa do Ouro;5;2615102;Terezinha;5
26086022610905;2608602;Lagoa do Ouro;5;2610905;Pesqueira;4A
26087012604106;2608701;Lagoa dos Gatos;5;2604106;Caruaru;2B
26087012605004;2608701;Lagoa dos Gatos;5;2605004;Cupira;5
26087012611606;2608701;Lagoa dos Gatos;5;2611606;Recife;1C
26087012610004;2608701;Lagoa dos Gatos;5;2610004;Palmares;3B
26087012601508;2608701;Lagoa dos Gatos;5;2601508;Belém de Maria;5
26087012610202;2608701;Lagoa dos Gatos;5;2610202;Panelas;5
26087012604205;2608701;Lagoa dos Gatos;5;2604205;Catende;5
26087012600302;2608701;Lagoa dos Gatos;5;2600302;Agrestina;5
26087502611101;2608750;Lagoa Grande;5;2611101;Petrolina;2C
26087502612604;2608750;Lagoa Grande;5;2612604;Santa Maria da Boa Vista;5
26087502611606;2608750;Lagoa Grande;5;2611606;Recife;1C
26087502609907;2608750;Lagoa Grande;5;2609907;Ouricuri;3A
26087502601607;2608750;Lagoa Grande;5;2601607;Belém do São Francisco;5
26087502609808;2608750;Lagoa Grande;5;2609808;Orocó;5
26087502612208;2608750;Lagoa Grande;5;2612208;Salgueiro;3B
26087502601102;2608750;Lagoa Grande;5;2601102;Araripina;3B
26088002606002;2608800;Lajedo;4B;2606002;Garanhuns;2C
26088002604106;2608800;Lajedo;4B;2604106;Caruaru;2B
26088002611606;2608800;Lajedo;4B;2611606;Recife;1C
26088002614857;2608800;Lajedo;4B;2614857;Tamandaré;5
26088002610905;2608800;Lajedo;4B;2610905;Pesqueira;4A
26088002608404;2608800;Lajedo;4B;2608404;Jurema;5
26088002603306;2608800;Lajedo;4B;2603306;Calçado;5
26088002608305;2608800;Lajedo;4B;2608305;Jupi;5
26088002601706;2608800;Lajedo;4B;2601706;Belo Jardim;3B
26088002612505;2608800;Lajedo;4B;2612505;Santa Cruz do Capibaribe;3B
26088002615409;2608800;Lajedo;4B;2615409;Toritama;5
26089092611606;2608909;Limoeiro;3B;2611606;Recife;1C
26089092604007;2608909;Limoeiro;3B;2604007;Carpina;3B
26089092616407;2608909;Limoeiro;3B;2616407;Vitória de Santo Antão;3B
26089092604106;2608909;Limoeiro;3B;2604106;Caruaru;2B
26089092608453;2608909;Limoeiro;3B;2608453;Lagoa do Carro;5
26089092610608;2608909;Limoeiro;3B;2610608;Paudalho;1C
26089092615409;2608909;Limoeiro;3B;2615409;Toritama;5
26089092605400;2608909;Limoeiro;3B;2605400;Feira Nova;5
26089092612505;2608909;Limoeiro;3B;2612505;Santa Cruz do Capibaribe;3B
26089092609501;2608909;Limoeiro;3B;2609501;Nazaré da Mata;5
26090062611606;2609006;Macaparana;5;2611606;Recife;1C
26090062615300;2609006;Macaparana;5;2615300;Timbaúba;3B
26090062604007;2609006;Macaparana;5;2604007;Carpina;3B
26090062609501;2609006;Macaparana;5;2609501;Nazaré da Mata;5
26090062613800;2609006;Macaparana;5;2613800;São Vicente Férrer;5
26090062600708;2609006;Macaparana;5;2600708;Aliança;5
26090062610608;2609006;Macaparana;5;2610608;Paudalho;1C
26090062613701;2609006;Macaparana;5;2613701;São Lourenço da Mata;1C
26090062615508;2609006;Macaparana;5;2615508;Tracunhaém;5
26090062604106;2609006;Macaparana;5;2604106;Caruaru;2B
26090062615409;2609006;Macaparana;5;2615409;Toritama;5
26090062606200;2609006;Macaparana;5;2606200;Goiana;3B
26090062608909;2609006;Macaparana;5;2608909;Limoeiro;3B
26091052608909;2609105;Machados;5;2608909;Limoeiro;3B
26091052611606;2609105;Machados;5;2611606;Recife;1C
26091052604007;2609105;Machados;5;2604007;Carpina;3B
26091052616407;2609105;Machados;5;2616407;Vitória de Santo Antão;3B
26091052613701;2609105;Machados;5;2613701;São Lourenço da Mata;1C
26091052609709;2609105;Machados;5;2609709;Orobó;5
26091052604106;2609105;Machados;5;2604106;Caruaru;2B
26091052609501;2609105;Machados;5;2609501;Nazaré da Mata;5
26091052615409;2609105;Machados;5;2615409;Toritama;5
26091052614501;2609105;Machados;5;2614501;Surubim;3B
26091052613800;2609105;Machados;5;2613800;São Vicente Férrer;5
26091052603454;2609105;Machados;5;2603454;Camaragibe;1C
26091052608453;2609105;Machados;5;2608453;Lagoa do Carro;5
26091052610608;2609105;Machados;5;2610608;Paudalho;1C
26091052602209;2609105;Machados;5;2602209;Bom Jardim;5
26091052612505;2609105;Machados;5;2612505;Santa Cruz do Capibaribe;3B
26091052608107;2609105;Machados;5;2608107;João Alfredo;5
26091052609006;2609105;Machados;5;2609006;Macaparana;5
26091052615300;2609105;Machados;5;2615300;Timbaúba;3B
26091542601201;2609154;Manari;5;2601201;Arcoverde;3A
26091542611606;2609154;Manari;5;2611606;Recife;1C
26091542607000;2609154;Manari;5;2607000;Inajá;5
26091542604106;2609154;Manari;5;2604106;Caruaru;2B
26091542606002;2609154;Manari;5;2606002;Garanhuns;2C
26091542602803;2609154;Manari;5;2602803;Buíque;5
26091542615805;2609154;Manari;5;2615805;Tupanatinga;5
26091542611002;2609154;Manari;5;2611002;Petrolândia;4B
26091542600500;2609154;Manari;5;2600500;Águas Belas;5
26092042610004;2609204;Maraial;5;2610004;Palmares;3B
26092042611606;2609204;Maraial;5;2611606;Recife;1C
26092042604106;2609204;Maraial;5;2604106;Caruaru;2B
26092042604205;2609204;Maraial;5;2604205;Catende;5
26092042607950;2609204;Maraial;5;2607950;Jaqueira;5
26092042606002;2609204;Maraial;5;2606002;Garanhuns;2C
26092042615409;2609204;Maraial;5;2615409;Toritama;5
26093032612208;2609303;Mirandiba;5;2612208;Salgueiro;3B
26093032613909;2609303;Mirandiba;5;2613909;Serra Talhada;3A
26093032611101;2609303;Mirandiba;5;2611101;Petrolina;2C
26093032611606;2609303;Mirandiba;5;2611606;Recife;1C
26093032613503;2609303;Mirandiba;5;2613503;São José do Belmonte;5
26093032603926;2609303;Mirandiba;5;2603926;Carnaubeira da Penha;5
26093032604106;2609303;Mirandiba;5;2604106;Caruaru;2B
26093032605707;2609303;Mirandiba;5;2605707;Floresta;4B
26093032615706;2609303;Mirandiba;5;2615706;Triunfo;5
26094022611606;2609402;Moreno;1C;2611606;Recife;1C
26094022616407;2609402;Moreno;1C;2616407;Vitória de Santo Antão;3B
26094022604106;2609402;Moreno;1C;2604106;Caruaru;2B
26094022611309;2609402;Moreno;1C;2611309;Pombos;5
26094022601904;2609402;Moreno;1C;2601904;Bezerros;5
26094022604502;2609402;Moreno;1C;2604502;Chã Grande;5
26094022606408;2609402;Moreno;1C;2606408;Gravatá;4A
26094022607901;2609402;Moreno;1C;2607901;Jaboatão dos Guararapes;1C
26094022612455;2609402;Moreno;1C;2612455;Santa Cruz;5
26095012611606;2609501;Nazaré da Mata;5;2611606;Recife;1C
26095012604007;2609501;Nazaré da Mata;5;2604007;Carpina;3B
26095012608909;2609501;Nazaré da Mata;5;2608909;Limoeiro;3B
26095012615300;2609501;Nazaré da Mata;5;2615300;Timbaúba;3B
26095012602704;2609501;Nazaré da Mata;5;2602704;Buenos Aires;5
26095012616308;2609501;Nazaré da Mata;5;2616308;Vicência;5
26095012615508;2609501;Nazaré da Mata;5;2615508;Tracunhaém;5
26095012613701;2609501;Nazaré da Mata;5;2613701;São Lourenço da Mata;1C
26095012612455;2609501;Nazaré da Mata;5;2612455;Santa Cruz;5
26095012610608;2609501;Nazaré da Mata;5;2610608;Paudalho;1C
26095012606200;2609501;Nazaré da Mata;5;2606200;Goiana;3B
26095012607802;2609501;Nazaré da Mata;5;2607802;Itaquitinga;5
26096002611606;2609600;Olinda;1C;2611606;Recife;1C
26096002610707;2609600;Olinda;1C;2610707;Paulista;1C
26096002607901;2609600;Olinda;1C;2607901;Jaboatão dos Guararapes;1C
26096002600054;2609600;Olinda;1C;2600054;Abreu e Lima;1C
26096002604106;2609600;Olinda;1C;2604106;Caruaru;2B
26096002613701;2609600;Olinda;1C;2613701;São Lourenço da Mata;1C
26096002615409;2609600;Olinda;1C;2615409;Toritama;5
26096002606804;2609600;Olinda;1C;2606804;Igarassu;1C
26097092611606;2609709;Orobó;5;2611606;Recife;1C
26097092608909;2609709;Orobó;5;2608909;Limoeiro;3B
26097092614501;2609709;Orobó;5;2614501;Surubim;3B
26097092616407;2609709;Orobó;5;2616407;Vitória de Santo Antão;3B
26097092604007;2609709;Orobó;5;2604007;Carpina;3B
26097092602209;2609709;Orobó;5;2602209;Bom Jardim;5
26097092615409;2609709;Orobó;5;2615409;Toritama;5
26097092604106;2609709;Orobó;5;2604106;Caruaru;2B
26097092612505;2609709;Orobó;5;2612505;Santa Cruz do Capibaribe;3B
26097092608107;2609709;Orobó;5;2608107;João Alfredo;5
26097092609501;2609709;Orobó;5;2609501;Nazaré da Mata;5
26097092613701;2609709;Orobó;5;2613701;São Lourenço da Mata;1C
26097092608453;2609709;Orobó;5;2608453;Lagoa do Carro;5
26097092610608;2609709;Orobó;5;2610608;Paudalho;1C
26098082611101;2609808;Orocó;5;2611101;Petrolina;2C
26098082603009;2609808;Orocó;5;2603009;Cabrobó;5
26098082612604;2609808;Orocó;5;2612604;Santa Maria da Boa Vista;5
26098082612208;2609808;Orocó;5;2612208;Salgueiro;3B
26098082611606;2609808;Orocó;5;2611606;Recife;1C
26098082601607;2609808;Orocó;5;2601607;Belém do São Francisco;5
26098082608750;2609808;Orocó;5;2608750;Lagoa Grande;5
26098082604106;2609808;Orocó;5;2604106;Caruaru;2B
26099072611101;2609907;Ouricuri;3A;2611101;Petrolina;2C
26099072611606;2609907;Ouricuri;3A;2611606;Recife;1C
26099072601102;2609907;Ouricuri;3A;2601102;Araripina;3B
26099072612208;2609907;Ouricuri;3A;2612208;Salgueiro;3B
26099072602001;2609907;Ouricuri;3A;2602001;Bodocó;5
26099072612455;2609907;Ouricuri;3A;2612455;Santa Cruz;5
26099072615607;2609907;Ouricuri;3A;2615607;Trindade;5
26099072608750;2609907;Ouricuri;3A;2608750;Lagoa Grande;5
26099072605301;2609907;Ouricuri;3A;2605301;Exu;5
26099072614006;2609907;Ouricuri;3A;2614006;Serrita;5
26099072604106;2609907;Ouricuri;3A;2604106;Caruaru;2B
26100042611606;2610004;Palmares;3B;2611606;Recife;1C
26100042604106;2610004;Palmares;3B;2604106;Caruaru;2B
26100042616407;2610004;Palmares;3B;2616407;Vitória de Santo Antão;3B
26100042605905;2610004;Palmares;3B;2605905;Gameleira;5
26100042602902;2610004;Palmares;3B;2602902;Cabo de Santo Agostinho;1C
26100042605202;2610004;Palmares;3B;2605202;Escada;3B
26100042611804;2610004;Palmares;3B;2611804;Ribeirão;5
26100042604205;2610004;Palmares;3B;2604205;Catende;5
26100042612505;2610004;Palmares;3B;2612505;Santa Cruz do Capibaribe;3B
26100042615409;2610004;Palmares;3B;2615409;Toritama;5
26101032606002;2610103;Palmeirina;5;2606002;Garanhuns;2C
26101032611606;2610103;Palmeirina;5;2611606;Recife;1C
26101032613206;2610103;Palmeirina;5;2613206;São João;5
26101032601003;2610103;Palmeirina;5;2601003;Angelim;5
26101032604106;2610103;Palmeirina;5;2604106;Caruaru;2B
26102022604106;2610202;Panelas;5;2604106;Caruaru;2B
26102022611606;2610202;Panelas;5;2611606;Recife;1C
26102022605004;2610202;Panelas;5;2605004;Cupira;5
26102022608404;2610202;Panelas;5;2608404;Jurema;5
26102022611507;2610202;Panelas;5;2611507;Quipapá;5
26102022608701;2610202;Panelas;5;2608701;Lagoa dos Gatos;5
26102022600302;2610202;Panelas;5;2600302;Agrestina;5
26102022606002;2610202;Panelas;5;2606002;Garanhuns;2C
26103012606002;2610301;Paranatama;5;2606002;Garanhuns;2C
26103012611606;2610301;Paranatama;5;2611606;Recife;1C
26103012612307;2610301;Paranatama;5;2612307;Saloá;5
26103012604106;2610301;Paranatama;5;2604106;Caruaru;2B
26103012603207;2610301;Paranatama;5;2603207;Caetés;5
26103012602100;2610301;Paranatama;5;2602100;Bom Conselho;5
26103012602407;2610301;Paranatama;5;2602407;Brejão;5
26103012603801;2610301;Paranatama;5;2603801;Capoeiras;5
26104002609907;2610400;Parnamirim;5;2609907;Ouricuri;3A
26104002612208;2610400;Parnamirim;5;2612208;Salgueiro;3B
26104002611606;2610400;Parnamirim;5;2611606;Recife;1C
26104002611101;2610400;Parnamirim;5;2611101;Petrolina;2C
26104002615201;2610400;Parnamirim;5;2615201;Terra Nova;5
26104002601102;2610400;Parnamirim;5;2601102;Araripina;3B
26104002604106;2610400;Parnamirim;5;2604106;Caruaru;2B
26105092611606;2610509;Passira;5;2611606;Recife;1C
26105092608909;2610509;Passira;5;2608909;Limoeiro;3B
26105092604106;2610509;Passira;5;2604106;Caruaru;2B
26105092616407;2610509;Passira;5;2616407;Vitória de Santo Antão;3B
26105092604908;2610509;Passira;5;2604908;Cumaru;5
26105092612109;2610509;Passira;5;2612109;Salgadinho;5
26105092604007;2610509;Passira;5;2604007;Carpina;3B
26105092613701;2610509;Passira;5;2613701;São Lourenço da Mata;1C
26105092615409;2610509;Passira;5;2615409;Toritama;5
26105092609501;2610509;Passira;5;2609501;Nazaré da Mata;5
26105092608453;2610509;Passira;5;2608453;Lagoa do Carro;5
26105092610608;2610509;Passira;5;2610608;Paudalho;1C
26105092612505;2610509;Passira;5;2612505;Santa Cruz do Capibaribe;3B
26106082611606;2610608;Paudalho;1C;2611606;Recife;1C
26106082604007;2610608;Paudalho;1C;2604007;Carpina;3B
26106082613701;2610608;Paudalho;1C;2613701;São Lourenço da Mata;1C
26106082608909;2610608;Paudalho;1C;2608909;Limoeiro;3B
26106082603454;2610608;Paudalho;1C;2603454;Camaragibe;1C
26106082604106;2610608;Paudalho;1C;2604106;Caruaru;2B
26106082608453;2610608;Paudalho;1C;2608453;Lagoa do Carro;5
26106082609501;2610608;Paudalho;1C;2609501;Nazaré da Mata;5
26106082615508;2610608;Paudalho;1C;2615508;Tracunhaém;5
26107072611606;2610707;Paulista;1C;2611606;Recife;1C
26107072609600;2610707;Paulista;1C;2609600;Olinda;1C
26107072606200;2610707;Paulista;1C;2606200;Goiana;3B
26107072606804;2610707;Paulista;1C;2606804;Igarassu;1C
26107072613701;2610707;Paulista;1C;2613701;São Lourenço da Mata;1C
26107072600054;2610707;Paulista;1C;2600054;Abreu e Lima;1C
26107072604106;2610707;Paulista;1C;2604106;Caruaru;2B
26107072612505;2610707;Paulista;1C;2612505;Santa Cruz do Capibaribe;3B
26107072607901;2610707;Paulista;1C;2607901;Jaboatão dos Guararapes;1C
26108062601201;2610806;Pedra;5;2601201;Arcoverde;3A
26108062611606;2610806;Pedra;5;2611606;Recife;1C
26108062604106;2610806;Pedra;5;2604106;Caruaru;2B
26108062606002;2610806;Pedra;5;2606002;Garanhuns;2C
26108062616001;2610806;Pedra;5;2616001;Venturosa;5
26108062610905;2610806;Pedra;5;2610905;Pesqueira;4A
26108062602803;2610806;Pedra;5;2602803;Buíque;5
26108062603207;2610806;Pedra;5;2603207;Caetés;5
26108062603801;2610806;Pedra;5;2603801;Capoeiras;5
26108062613909;2610806;Pedra;5;2613909;Serra Talhada;3A
26108062611101;2610806;Pedra;5;2611101;Petrolina;2C
26108062614105;2610806;Pedra;5;2614105;Sertânia;5
26109052604106;2610905;Pesqueira;4A;2604106;Caruaru;2B
26109052611606;2610905;Pesqueira;4A;2611606;Recife;1C
26109052601201;2610905;Pesqueira;4A;2601201;Arcoverde;3A
26109052601706;2610905;Pesqueira;4A;2601706;Belo Jardim;3B
26109052606002;2610905;Pesqueira;4A;2606002;Garanhuns;2C
26109052612406;2610905;Pesqueira;4A;2612406;Sanharó;5
26109052612505;2610905;Pesqueira;4A;2612505;Santa Cruz do Capibaribe;3B
26109052613909;2610905;Pesqueira;4A;2613909;Serra Talhada;3A
26109052613008;2610905;Pesqueira;4A;2613008;São Bento do Una;5
26109052615409;2610905;Pesqueira;4A;2615409;Toritama;5
26110022611606;2611002;Petrolândia;4B;2611606;Recife;1C
26110022604106;2611002;Petrolândia;4B;2604106;Caruaru;2B
26110022613909;2611002;Petrolândia;4B;2613909;Serra Talhada;3A
26110022601201;2611002;Petrolândia;4B;2601201;Arcoverde;3A
26110022605707;2611002;Petrolândia;4B;2605707;Floresta;4B
26110022608057;2611002;Petrolândia;4B;2608057;Jatobá;5
26110022614808;2611002;Petrolândia;4B;2614808;Tacaratu;5
26111012611606;2611101;Petrolina;2C;2611606;Recife;1C
26111012608750;2611101;Petrolina;2C;2608750;Lagoa Grande;5
26111012612604;2611101;Petrolina;2C;2612604;Santa Maria da Boa Vista;5
26111012612208;2611101;Petrolina;2C;2612208;Salgueiro;3B
26111012603009;2611101;Petrolina;2C;2603009;Cabrobó;5
26111012609808;2611101;Petrolina;2C;2609808;Orocó;5
26111012604106;2611101;Petrolina;2C;2604106;Caruaru;2B
26111012606408;2611101;Petrolina;2C;2606408;Gravatá;4A
26111012613404;2611101;Petrolina;2C;2613404;São José da Coroa Grande;5
26112002610905;2611200;Poção;5;2610905;Pesqueira;4A
26112002604106;2611200;Poção;5;2604106;Caruaru;2B
26112002611606;2611200;Poção;5;2611606;Recife;1C
26112002601201;2611200;Poção;5;2601201;Arcoverde;3A
26112002601706;2611200;Poção;5;2601706;Belo Jardim;3B
26112002612505;2611200;Poção;5;2612505;Santa Cruz do Capibaribe;3B
26112002606002;2611200;Poção;5;2606002;Garanhuns;2C
26112002608305;2611200;Poção;5;2608305;Jupi;5
26112002608800;2611200;Poção;5;2608800;Lajedo;4B
26112002612406;2611200;Poção;5;2612406;Sanharó;5
26112002613008;2611200;Poção;5;2613008;São Bento do Una;5
26112002602803;2611200;Poção;5;2602803;Buíque;5
26112002615409;2611200;Poção;5;2615409;Toritama;5
26113092616407;2611309;Pombos;5;2616407;Vitória de Santo Antão;3B
26113092611606;2611309;Pombos;5;2611606;Recife;1C
26113092604106;2611309;Pombos;5;2604106;Caruaru;2B
26113092606408;2611309;Pombos;5;2606408;Gravatá;4A
26113092609402;2611309;Pombos;5;2609402;Moreno;1C
26113092601904;2611309;Pombos;5;2601904;Bezerros;5
26113092604502;2611309;Pombos;5;2604502;Chã Grande;5
26114082611606;2611408;Primavera;5;2611606;Recife;1C
26114082605202;2611408;Primavera;5;2605202;Escada;3B
26114082600906;2611408;Primavera;5;2600906;Amaraji;5
26114082604106;2611408;Primavera;5;2604106;Caruaru;2B
26114082602902;2611408;Primavera;5;2602902;Cabo de Santo Agostinho;1C
26114082610004;2611408;Primavera;5;2610004;Palmares;3B
26114082607901;2611408;Primavera;5;2607901;Jaboatão dos Guararapes;1C
26114082601300;2611408;Primavera;5;2601300;Barra de Guabiraba;5
26114082611804;2611408;Primavera;5;2611804;Ribeirão;5
26114082616407;2611408;Primavera;5;2616407;Vitória de Santo Antão;3B
26114082613701;2611408;Primavera;5;2613701;São Lourenço da Mata;1C
26114082600401;2611408;Primavera;5;2600401;Água Preta;5
26114082604502;2611408;Primavera;5;2604502;Chã Grande;5
26114082606408;2611408;Primavera;5;2606408;Gravatá;4A
26115072606002;2611507;Quipapá;5;2606002;Garanhuns;2C
26115072611606;2611507;Quipapá;5;2611606;Recife;1C
26115072604106;2611507;Quipapá;5;2604106;Caruaru;2B
26115072612901;2611507;Quipapá;5;2612901;São Benedito do Sul;5
26115072610004;2611507;Quipapá;5;2610004;Palmares;3B
26115072605004;2611507;Quipapá;5;2605004;Cupira;5
26115072603702;2611507;Quipapá;5;2603702;Canhotinho;5
26115072601003;2611507;Quipapá;5;2601003;Angelim;5
26115072610202;2611507;Quipapá;5;2610202;Panelas;5
26115072613206;2611507;Quipapá;5;2613206;São João;5
26115072609204;2611507;Quipapá;5;2609204;Maraial;5
26115332600104;2611533;Quixaba;5;2600104;Afogados da Ingazeira;3B
26115332603900;2611533;Quixaba;5;2603900;Carnaíba;5
26115332611606;2611533;Quixaba;5;2611606;Recife;1C
26115332613909;2611533;Quixaba;5;2613909;Serra Talhada;3A
26115332601201;2611533;Quixaba;5;2601201;Arcoverde;3A
26115332604106;2611533;Quixaba;5;2604106;Caruaru;2B
26115332612505;2611533;Quixaba;5;2612505;Santa Cruz do Capibaribe;3B
26115332606002;2611533;Quixaba;5;2606002;Garanhuns;2C
26117052604106;2611705;Riacho das Almas;5;2604106;Caruaru;2B
26117052611606;2611705;Riacho das Almas;5;2611606;Recife;1C
26117052604908;2611705;Riacho das Almas;5;2604908;Cumaru;5
26117052601904;2611705;Riacho das Almas;5;2601904;Bezerros;5
26117052610509;2611705;Riacho das Almas;5;2610509;Passira;5
26117052606408;2611705;Riacho das Almas;5;2606408;Gravatá;4A
26117052608909;2611705;Riacho das Almas;5;2608909;Limoeiro;3B
26117052605806;2611705;Riacho das Almas;5;2605806;Frei Miguelinho;5
26117052616407;2611705;Riacho das Almas;5;2616407;Vitória de Santo Antão;3B
26117052606002;2611705;Riacho das Almas;5;2606002;Garanhuns;2C
26118042611606;2611804;Ribeirão;5;2611606;Recife;1C
26118042610004;2611804;Ribeirão;5;2610004;Palmares;3B
26118042605202;2611804;Ribeirão;5;2605202;Escada;3B
26118042602902;2611804;Ribeirão;5;2602902;Cabo de Santo Agostinho;1C
26118042604106;2611804;Ribeirão;5;2604106;Caruaru;2B
26118042605905;2611804;Ribeirão;5;2605905;Gameleira;5
26118042616407;2611804;Ribeirão;5;2616407;Vitória de Santo Antão;3B
26118042614857;2611804;Ribeirão;5;2614857;Tamandaré;5
26118042600401;2611804;Ribeirão;5;2600401;Água Preta;5
26118042615409;2611804;Ribeirão;5;2615409;Toritama;5
26118042608206;2611804;Ribeirão;5;2608206;Joaquim Nabuco;5
26118042613701;2611804;Ribeirão;5;2613701;São Lourenço da Mata;1C
26118042604809;2611804;Ribeirão;5;2604809;Cortês;5
26118042607901;2611804;Ribeirão;5;2607901;Jaboatão dos Guararapes;1C
26119032611606;2611903;Rio Formoso;5;2611606;Recife;1C
26119032601409;2611903;Rio Formoso;5;2601409;Barreiros;4A
26119032602902;2611903;Rio Formoso;5;2602902;Cabo de Santo Agostinho;1C
26119032614857;2611903;Rio Formoso;5;2614857;Tamandaré;5
26119032614204;2611903;Rio Formoso;5;2614204;Sirinhaém;5
26119032607208;2611903;Rio Formoso;5;2607208;Ipojuca;1C
26119032610004;2611903;Rio Formoso;5;2610004;Palmares;3B
26119032604106;2611903;Rio Formoso;5;2604106;Caruaru;2B
26119032612455;2611903;Rio Formoso;5;2612455;Santa Cruz;5
26119032613701;2611903;Rio Formoso;5;2613701;São Lourenço da Mata;1C
26119032607901;2611903;Rio Formoso;5;2607901;Jaboatão dos Guararapes;1C
26120002604106;2612000;Sairé;5;2604106;Caruaru;2B
26120002611606;2612000;Sairé;5;2611606;Recife;1C
26120002601904;2612000;Sairé;5;2601904;Bezerros;5
26120002603504;2612000;Sairé;5;2603504;Camocim de São Félix;5
26120002606408;2612000;Sairé;5;2606408;Gravatá;4A
26120002602308;2612000;Sairé;5;2602308;Bonito;5
26120002616407;2612000;Sairé;5;2616407;Vitória de Santo Antão;3B
26120002604502;2612000;Sairé;5;2604502;Chã Grande;5
26120002613305;2612000;Sairé;5;2613305;São Joaquim do Monte;5
26121092611606;2612109;Salgadinho;5;2611606;Recife;1C
26121092610509;2612109;Salgadinho;5;2610509;Passira;5
26121092608909;2612109;Salgadinho;5;2608909;Limoeiro;3B
26121092608107;2612109;Salgadinho;5;2608107;João Alfredo;5
26121092616407;2612109;Salgadinho;5;2616407;Vitória de Santo Antão;3B
26121092604106;2612109;Salgadinho;5;2604106;Caruaru;2B
26121092604007;2612109;Salgadinho;5;2604007;Carpina;3B
26121092612505;2612109;Salgadinho;5;2612505;Santa Cruz do Capibaribe;3B
26121092615409;2612109;Salgadinho;5;2615409;Toritama;5
26121092613701;2612109;Salgadinho;5;2613701;São Lourenço da Mata;1C
26121092614501;2612109;Salgadinho;5;2614501;Surubim;3B
26121092609501;2612109;Salgadinho;5;2609501;Nazaré da Mata;5
26122082611606;2612208;Salgueiro;3B;2611606;Recife;1C
26122082611101;2612208;Salgueiro;3B;2611101;Petrolina;2C
26122082613909;2612208;Salgueiro;3B;2613909;Serra Talhada;3A
26122082603009;2612208;Salgueiro;3B;2603009;Cabrobó;5
26122082614006;2612208;Salgueiro;3B;2614006;Serrita;5
26122082604106;2612208;Salgueiro;3B;2604106;Caruaru;2B
26122082612604;2612208;Salgueiro;3B;2612604;Santa Maria da Boa Vista;5
26122082608750;2612208;Salgueiro;3B;2608750;Lagoa Grande;5
26122082609907;2612208;Salgueiro;3B;2609907;Ouricuri;3A
26122082601607;2612208;Salgueiro;3B;2601607;Belém do São Francisco;5
26122082615706;2612208;Salgueiro;3B;2615706;Triunfo;5
26123072606002;2612307;Saloá;5;2606002;Garanhuns;2C
26123072611606;2612307;Saloá;5;2611606;Recife;1C
26123072604106;2612307;Saloá;5;2604106;Caruaru;2B
26123072610301;2612307;Saloá;5;2610301;Paranatama;5
26123072602100;2612307;Saloá;5;2602100;Bom Conselho;5
26123072615102;2612307;Saloá;5;2615102;Terezinha;5
26124062604106;2612406;Sanharó;5;2604106;Caruaru;2B
26124062610905;2612406;Sanharó;5;2610905;Pesqueira;4A
26124062611606;2612406;Sanharó;5;2611606;Recife;1C
26124062601706;2612406;Sanharó;5;2601706;Belo Jardim;3B
26124062614857;2612406;Sanharó;5;2614857;Tamandaré;5
26124062601201;2612406;Sanharó;5;2601201;Arcoverde;3A
26124062612208;2612406;Sanharó;5;2612208;Salgueiro;3B
26124062613909;2612406;Sanharó;5;2613909;Serra Talhada;3A
26124552609907;2612455;Santa Cruz;5;2609907;Ouricuri;3A
26124552611101;2612455;Santa Cruz;5;2611101;Petrolina;2C
26124552601102;2612455;Santa Cruz;5;2601102;Araripina;3B
26124552615607;2612455;Santa Cruz;5;2615607;Trindade;5
26124552608750;2612455;Santa Cruz;5;2608750;Lagoa Grande;5
26124552605152;2612455;Santa Cruz;5;2605152;Dormentes;5
26124552612554;2612455;Santa Cruz;5;2612554;Santa Filomena;5
26124712613909;2612471;Santa Cruz da Baixa Verde;5;2613909;Serra Talhada;3A
26124712615706;2612471;Santa Cruz da Baixa Verde;5;2615706;Triunfo;5
26124712611606;2612471;Santa Cruz da Baixa Verde;5;2611606;Recife;1C
26124712600104;2612471;Santa Cruz da Baixa Verde;5;2600104;Afogados da Ingazeira;3B
26124712601201;2612471;Santa Cruz da Baixa Verde;5;2601201;Arcoverde;3A
26124712604106;2612471;Santa Cruz da Baixa Verde;5;2604106;Caruaru;2B
26124712612208;2612471;Santa Cruz da Baixa Verde;5;2612208;Salgueiro;3B
26124712611101;2612471;Santa Cruz da Baixa Verde;5;2611101;Petrolina;2C
26124712605608;2612471;Santa Cruz da Baixa Verde;5;2605608;Flores;5
26125052604106;2612505;Santa Cruz do Capibaribe;3B;2604106;Caruaru;2B
26125052611606;2612505;Santa Cruz do Capibaribe;3B;2611606;Recife;1C
26125052615409;2612505;Santa Cruz do Capibaribe;3B;2615409;Toritama;5
26125052615003;2612505;Santa Cruz do Capibaribe;3B;2615003;Taquaritinga do Norte;5
26125052614501;2612505;Santa Cruz do Capibaribe;3B;2614501;Surubim;3B
26125052616209;2612505;Santa Cruz do Capibaribe;3B;2616209;Vertentes;5
26125052606002;2612505;Santa Cruz do Capibaribe;3B;2606002;Garanhuns;2C
26125052601201;2612505;Santa Cruz do Capibaribe;3B;2601201;Arcoverde;3A
26125542611101;2612554;Santa Filomena;5;2611101;Petrolina;2C
26125542609907;2612554;Santa Filomena;5;2609907;Ouricuri;3A
26125542601102;2612554;Santa Filomena;5;2601102;Araripina;3B
26125542605152;2612554;Santa Filomena;5;2605152;Dormentes;5
26125542611606;2612554;Santa Filomena;5;2611606;Recife;1C
26125542612455;2612554;Santa Filomena;5;2612455;Santa Cruz;5
26125542608750;2612554;Santa Filomena;5;2608750;Lagoa Grande;5
26125542601805;2612554;Santa Filomena;5;2601805;Betânia;5
26126042611101;2612604;Santa Maria da Boa Vista;5;2611101;Petrolina;2C
26126042611606;2612604;Santa Maria da Boa Vista;5;2611606;Recife;1C
26126042608750;2612604;Santa Maria da Boa Vista;5;2608750;Lagoa Grande;5
26126042601607;2612604;Santa Maria da Boa Vista;5;2601607;Belém do São Francisco;5
26126042603009;2612604;Santa Maria da Boa Vista;5;2603009;Cabrobó;5
26126042612208;2612604;Santa Maria da Boa Vista;5;2612208;Salgueiro;3B
26126042609808;2612604;Santa Maria da Boa Vista;5;2609808;Orocó;5
26126042604106;2612604;Santa Maria da Boa Vista;5;2604106;Caruaru;2B
26127032614501;2612703;Santa Maria do Cambucá;5;2614501;Surubim;3B
26127032604106;2612703;Santa Maria do Cambucá;5;2604106;Caruaru;2B
26127032611606;2612703;Santa Maria do Cambucá;5;2611606;Recife;1C
26127032615409;2612703;Santa Maria do Cambucá;5;2615409;Toritama;5
26127032612505;2612703;Santa Maria do Cambucá;5;2612505;Santa Cruz do Capibaribe;3B
26127032608909;2612703;Santa Maria do Cambucá;5;2608909;Limoeiro;3B
26127032616407;2612703;Santa Maria do Cambucá;5;2616407;Vitória de Santo Antão;3B
26127032616209;2612703;Santa Maria do Cambucá;5;2616209;Vertentes;5
26128022600104;2612802;Santa Terezinha;5;2600104;Afogados da Ingazeira;3B
26128022613602;2612802;Santa Terezinha;5;2613602;São José do Egito;4B
26128022611606;2612802;Santa Terezinha;5;2611606;Recife;1C
26128022604106;2612802;Santa Terezinha;5;2604106;Caruaru;2B
26128022612505;2612802;Santa Terezinha;5;2612505;Santa Cruz do Capibaribe;3B
26128022607703;2612802;Santa Terezinha;5;2607703;Itapetim;5
26128022615409;2612802;Santa Terezinha;5;2615409;Toritama;5
26128022614600;2612802;Santa Terezinha;5;2614600;Tabira;4B
26128022601201;2612802;Santa Terezinha;5;2601201;Arcoverde;3A
26128022602506;2612802;Santa Terezinha;5;2602506;Brejinho;5
26128022613909;2612802;Santa Terezinha;5;2613909;Serra Talhada;3A
26129012611606;2612901;São Benedito do Sul;5;2611606;Recife;1C
26129012604106;2612901;São Benedito do Sul;5;2604106;Caruaru;2B
26129012610004;2612901;São Benedito do Sul;5;2610004;Palmares;3B
26129012606002;2612901;São Benedito do Sul;5;2606002;Garanhuns;2C
26129012611507;2612901;São Benedito do Sul;5;2611507;Quipapá;5
26129012605004;2612901;São Benedito do Sul;5;2605004;Cupira;5
26129012607950;2612901;São Benedito do Sul;5;2607950;Jaqueira;5
26129012601003;2612901;São Benedito do Sul;5;2601003;Angelim;5
26129012603702;2612901;São Benedito do Sul;5;2603702;Canhotinho;5
26129012613206;2612901;São Benedito do Sul;5;2613206;São João;5
26130082604106;2613008;São Bento do Una;5;2604106;Caruaru;2B
26130082611606;2613008;São Bento do Una;5;2611606;Recife;1C
26130082601706;2613008;São Bento do Una;5;2601706;Belo Jardim;3B
26130082606002;2613008;São Bento do Una;5;2606002;Garanhuns;2C
26130082614857;2613008;São Bento do Una;5;2614857;Tamandaré;5
26130082608800;2613008;São Bento do Una;5;2608800;Lajedo;4B
26130082610905;2613008;São Bento do Una;5;2610905;Pesqueira;4A
26130082603801;2613008;São Bento do Una;5;2603801;Capoeiras;5
26130082612505;2613008;São Bento do Una;5;2612505;Santa Cruz do Capibaribe;3B
26130082609600;2613008;São Bento do Una;5;2609600;Olinda;1C
26131072604106;2613107;São Caitano;5;2604106;Caruaru;2B
26131072611606;2613107;São Caitano;5;2611606;Recife;1C
26131072601706;2613107;São Caitano;5;2601706;Belo Jardim;3B
26131072612505;2613107;São Caitano;5;2612505;Santa Cruz do Capibaribe;3B
26131072615409;2613107;São Caitano;5;2615409;Toritama;5
26131072606408;2613107;São Caitano;5;2606408;Gravatá;4A
26131072603108;2613107;São Caitano;5;2603108;Cachoeirinha;5
26131072614709;2613107;São Caitano;5;2614709;Tacaimbó;5
26131072606002;2613107;São Caitano;5;2606002;Garanhuns;2C
26131072601904;2613107;São Caitano;5;2601904;Bezerros;5
26132062606002;2613206;São João;5;2606002;Garanhuns;2C
26132062611606;2613206;São João;5;2611606;Recife;1C
26132062604106;2613206;São João;5;2604106;Caruaru;2B
26132062603702;2613206;São João;5;2603702;Canhotinho;5
26132062601003;2613206;São João;5;2601003;Angelim;5
26132062610103;2613206;São João;5;2610103;Palmeirina;5
26132062611507;2613206;São João;5;2611507;Quipapá;5
26132062601706;2613206;São João;5;2601706;Belo Jardim;3B
26132062612455;2613206;São João;5;2612455;Santa Cruz;5
26132062615409;2613206;São João;5;2615409;Toritama;5
26133052604106;2613305;São Joaquim do Monte;5;2604106;Caruaru;2B
26133052611606;2613305;São Joaquim do Monte;5;2611606;Recife;1C
26133052603504;2613305;São Joaquim do Monte;5;2603504;Camocim de São Félix;5
26133052600302;2613305;São Joaquim do Monte;5;2600302;Agrestina;5
26133052602308;2613305;São Joaquim do Monte;5;2602308;Bonito;5
26133052613701;2613305;São Joaquim do Monte;5;2613701;São Lourenço da Mata;1C
26133052601904;2613305;São Joaquim do Monte;5;2601904;Bezerros;5
26133052612455;2613305;São Joaquim do Monte;5;2612455;Santa Cruz;5
26134042611606;2613404;São José da Coroa Grande;5;2611606;Recife;1C
26134042601409;2613404;São José da Coroa Grande;5;2601409;Barreiros;4A
26134042614857;2613404;São José da Coroa Grande;5;2614857;Tamandaré;5
26134042610004;2613404;São José da Coroa Grande;5;2610004;Palmares;3B
26134042600401;2613404;São José da Coroa Grande;5;2600401;Água Preta;5
26134042607208;2613404;São José da Coroa Grande;5;2607208;Ipojuca;1C
26134042611903;2613404;São José da Coroa Grande;5;2611903;Rio Formoso;5
26134042614204;2613404;São José da Coroa Grande;5;2614204;Sirinhaém;5
26134042604106;2613404;São José da Coroa Grande;5;2604106;Caruaru;2B
26135032613909;2613503;São José do Belmonte;5;2613909;Serra Talhada;3A
26135032611606;2613503;São José do Belmonte;5;2611606;Recife;1C
26135032612208;2613503;São José do Belmonte;5;2612208;Salgueiro;3B
26135032611101;2613503;São José do Belmonte;5;2611101;Petrolina;2C
26135032604106;2613503;São José do Belmonte;5;2604106;Caruaru;2B
26135032615706;2613503;São José do Belmonte;5;2615706;Triunfo;5
26135032609303;2613503;São José do Belmonte;5;2609303;Mirandiba;5
26136022611606;2613602;São José do Egito;4B;2611606;Recife;1C
26136022600104;2613602;São José do Egito;4B;2600104;Afogados da Ingazeira;3B
26136022615904;2613602;São José do Egito;4B;2615904;Tuparetama;5
26136022607703;2613602;São José do Egito;4B;2607703;Itapetim;5
26136022614600;2613602;São José do Egito;4B;2614600;Tabira;4B
26136022612505;2613602;São José do Egito;4B;2612505;Santa Cruz do Capibaribe;3B
26136022604106;2613602;São José do Egito;4B;2604106;Caruaru;2B
26136022615409;2613602;São José do Egito;4B;2615409;Toritama;5
26136022613909;2613602;São José do Egito;4B;2613909;Serra Talhada;3A
26136022606002;2613602;São José do Egito;4B;2606002;Garanhuns;2C
26137012611606;2613701;São Lourenço da Mata;1C;2611606;Recife;1C
26137012603454;2613701;São Lourenço da Mata;1C;2603454;Camaragibe;1C
26137012610608;2613701;São Lourenço da Mata;1C;2610608;Paudalho;1C
26137012604007;2613701;São Lourenço da Mata;1C;2604007;Carpina;3B
26137012609501;2613701;São Lourenço da Mata;1C;2609501;Nazaré da Mata;5
26137012608453;2613701;São Lourenço da Mata;1C;2608453;Lagoa do Carro;5
26137012608909;2613701;São Lourenço da Mata;1C;2608909;Limoeiro;3B
26137012614501;2613701;São Lourenço da Mata;1C;2614501;Surubim;3B
26138002611606;2613800;São Vicente Férrer;5;2611606;Recife;1C
26138002615300;2613800;São Vicente Férrer;5;2615300;Timbaúba;3B
26138002609006;2613800;São Vicente Férrer;5;2609006;Macaparana;5
26138002604007;2613800;São Vicente Férrer;5;2604007;Carpina;3B
26138002609501;2613800;São Vicente Férrer;5;2609501;Nazaré da Mata;5
26138002604106;2613800;São Vicente Férrer;5;2604106;Caruaru;2B
26138002615409;2613800;São Vicente Férrer;5;2615409;Toritama;5
26138002608909;2613800;São Vicente Férrer;5;2608909;Limoeiro;3B
26138002610608;2613800;São Vicente Férrer;5;2610608;Paudalho;1C
26138002615508;2613800;São Vicente Férrer;5;2615508;Tracunhaém;5
26138002603454;2613800;São Vicente Férrer;5;2603454;Camaragibe;1C
26138002606200;2613800;São Vicente Férrer;5;2606200;Goiana;3B
26138002612455;2613800;São Vicente Férrer;5;2612455;Santa Cruz;5
26138002616308;2613800;São Vicente Férrer;5;2616308;Vicência;5
26138002607653;2613800;São Vicente Férrer;5;2607653;Itambé;5
26138002608107;2613800;São Vicente Férrer;5;2608107;João Alfredo;5
26139092611606;2613909;Serra Talhada;3A;2611606;Recife;1C
26139092604106;2613909;Serra Talhada;3A;2604106;Caruaru;2B
26139092612208;2613909;Serra Talhada;3A;2612208;Salgueiro;3B
26139092601201;2613909;Serra Talhada;3A;2601201;Arcoverde;3A
26139092615706;2613909;Serra Talhada;3A;2615706;Triunfo;5
26139092600104;2613909;Serra Talhada;3A;2600104;Afogados da Ingazeira;3B
26139092611101;2613909;Serra Talhada;3A;2611101;Petrolina;2C
26139092603405;2613909;Serra Talhada;3A;2603405;Calumbi;5
26139092605608;2613909;Serra Talhada;3A;2605608;Flores;5
26139092605707;2613909;Serra Talhada;3A;2605707;Floresta;4B
26139092615409;2613909;Serra Talhada;3A;2615409;Toritama;5
26139092606002;2613909;Serra Talhada;3A;2606002;Garanhuns;2C
26139092612505;2613909;Serra Talhada;3A;2612505;Santa Cruz do Capibaribe;3B
26140062612208;2614006;Serrita;5;2612208;Salgueiro;3B
26140062611606;2614006;Serrita;5;2611606;Recife;1C
26140062611101;2614006;Serrita;5;2611101;Petrolina;2C
26140062614303;2614006;Serrita;5;2614303;Moreilândia;5
26140062604304;2614006;Serrita;5;2604304;Cedro;5
26140062610400;2614006;Serrita;5;2610400;Parnamirim;5
26140062609907;2614006;Serrita;5;2609907;Ouricuri;3A
26140062601607;2614006;Serrita;5;2601607;Belém do São Francisco;5
26140062613909;2614006;Serrita;5;2613909;Serra Talhada;3A
26140062606309;2614006;Serrita;5;2606309;Granito;5
26140062602001;2614006;Serrita;5;2602001;Bodocó;5
26140062604106;2614006;Serrita;5;2604106;Caruaru;2B
26140062605301;2614006;Serrita;5;2605301;Exu;5
26141052601201;2614105;Sertânia;5;2601201;Arcoverde;3A
26141052611606;2614105;Sertânia;5;2611606;Recife;1C
26141052604106;2614105;Sertânia;5;2604106;Caruaru;2B
26141052600104;2614105;Sertânia;5;2600104;Afogados da Ingazeira;3B
26141052605103;2614105;Sertânia;5;2605103;Custódia;5
26141052613909;2614105;Sertânia;5;2613909;Serra Talhada;3A
26141052606903;2614105;Sertânia;5;2606903;Iguaracy;5
26141052612505;2614105;Sertânia;5;2612505;Santa Cruz do Capibaribe;3B
26141052615409;2614105;Sertânia;5;2615409;Toritama;5
26142042611606;2614204;Sirinhaém;5;2611606;Recife;1C
26142042602902;2614204;Sirinhaém;5;2602902;Cabo de Santo Agostinho;1C
26142042601409;2614204;Sirinhaém;5;2601409;Barreiros;4A
26142042607208;2614204;Sirinhaém;5;2607208;Ipojuca;1C
26142042611903;2614204;Sirinhaém;5;2611903;Rio Formoso;5
26142042607901;2614204;Sirinhaém;5;2607901;Jaboatão dos Guararapes;1C
26142042610004;2614204;Sirinhaém;5;2610004;Palmares;3B
26142042604106;2614204;Sirinhaém;5;2604106;Caruaru;2B
26142042614857;2614204;Sirinhaém;5;2614857;Tamandaré;5
26143032605301;2614303;Moreilândia;5;2605301;Exu;5
26143032612208;2614303;Moreilândia;5;2612208;Salgueiro;3B
26143032609907;2614303;Moreilândia;5;2609907;Ouricuri;3A
26143032611606;2614303;Moreilândia;5;2611606;Recife;1C
26143032606309;2614303;Moreilândia;5;2606309;Granito;5
26143032601102;2614303;Moreilândia;5;2601102;Araripina;3B
26143032613909;2614303;Moreilândia;5;2613909;Serra Talhada;3A
26143032604106;2614303;Moreilândia;5;2604106;Caruaru;2B
26144022600104;2614402;Solidão;5;2600104;Afogados da Ingazeira;3B
26144022614600;2614402;Solidão;5;2614600;Tabira;4B
26144022611606;2614402;Solidão;5;2611606;Recife;1C
26144022604106;2614402;Solidão;5;2604106;Caruaru;2B
26144022613909;2614402;Solidão;5;2613909;Serra Talhada;3A
26144022612505;2614402;Solidão;5;2612505;Santa Cruz do Capibaribe;3B
26144022613602;2614402;Solidão;5;2613602;São José do Egito;4B
26144022615409;2614402;Solidão;5;2615409;Toritama;5
26144022611101;2614402;Solidão;5;2611101;Petrolina;2C
26144022601201;2614402;Solidão;5;2601201;Arcoverde;3A
26145012611606;2614501;Surubim;3B;2611606;Recife;1C
26145012604106;2614501;Surubim;3B;2604106;Caruaru;2B
26145012608909;2614501;Surubim;3B;2608909;Limoeiro;3B
26145012604007;2614501;Surubim;3B;2604007;Carpina;3B
26145012612505;2614501;Surubim;3B;2612505;Santa Cruz do Capibaribe;3B
26145012615409;2614501;Surubim;3B;2615409;Toritama;5
26145012610608;2614501;Surubim;3B;2610608;Paudalho;1C
26145012616209;2614501;Surubim;3B;2616209;Vertentes;5
26145012604155;2614501;Surubim;3B;2604155;Casinhas;5
26145012609501;2614501;Surubim;3B;2609501;Nazaré da Mata;5
26145012608107;2614501;Surubim;3B;2608107;João Alfredo;5
26145012616407;2614501;Surubim;3B;2616407;Vitória de Santo Antão;3B
26145012601904;2614501;Surubim;3B;2601904;Bezerros;5
26146002611606;2614600;Tabira;4B;2611606;Recife;1C
26146002600104;2614600;Tabira;4B;2600104;Afogados da Ingazeira;3B
26146002613909;2614600;Tabira;4B;2613909;Serra Talhada;3A
26146002604106;2614600;Tabira;4B;2604106;Caruaru;2B
26146002613602;2614600;Tabira;4B;2613602;São José do Egito;4B
26146002612455;2614600;Tabira;4B;2612455;Santa Cruz;5
26146002601201;2614600;Tabira;4B;2601201;Arcoverde;3A
26146002615409;2614600;Tabira;4B;2615409;Toritama;5
26146002612505;2614600;Tabira;4B;2612505;Santa Cruz do Capibaribe;3B
26147092604106;2614709;Tacaimbó;5;2604106;Caruaru;2B
26147092611606;2614709;Tacaimbó;5;2611606;Recife;1C
26147092601706;2614709;Tacaimbó;5;2601706;Belo Jardim;3B
26147092601201;2614709;Tacaimbó;5;2601201;Arcoverde;3A
26147092606002;2614709;Tacaimbó;5;2606002;Garanhuns;2C
26147092614857;2614709;Tacaimbó;5;2614857;Tamandaré;5
26147092610905;2614709;Tacaimbó;5;2610905;Pesqueira;4A
26147092613107;2614709;Tacaimbó;5;2613107;São Caitano;5
26147092600302;2614709;Tacaimbó;5;2600302;Agrestina;5
26148082611002;2614808;Tacaratu;5;2611002;Petrolândia;4B
26148082611606;2614808;Tacaratu;5;2611606;Recife;1C
26148082601201;2614808;Tacaratu;5;2601201;Arcoverde;3A
26148082607000;2614808;Tacaratu;5;2607000;Inajá;5
26148082605707;2614808;Tacaratu;5;2605707;Floresta;4B
26148082613909;2614808;Tacaratu;5;2613909;Serra Talhada;3A
26148082608057;2614808;Tacaratu;5;2608057;Jatobá;5
26148082604106;2614808;Tacaratu;5;2604106;Caruaru;2B
26148082606606;2614808;Tacaratu;5;2606606;Ibimirim;5
26148572611606;2614857;Tamandaré;5;2611606;Recife;1C
26148572601409;2614857;Tamandaré;5;2601409;Barreiros;4A
26148572610004;2614857;Tamandaré;5;2610004;Palmares;3B
26148572611903;2614857;Tamandaré;5;2611903;Rio Formoso;5
26148572604106;2614857;Tamandaré;5;2604106;Caruaru;2B
26148572602902;2614857;Tamandaré;5;2602902;Cabo de Santo Agostinho;1C
26148572607208;2614857;Tamandaré;5;2607208;Ipojuca;1C
26148572614204;2614857;Tamandaré;5;2614204;Sirinhaém;5
26148572613404;2614857;Tamandaré;5;2613404;São José da Coroa Grande;5
26148572604205;2614857;Tamandaré;5;2604205;Catende;5
26148572605004;2614857;Tamandaré;5;2605004;Cupira;5
26150032611606;2615003;Taquaritinga do Norte;5;2611606;Recife;1C
26150032612505;2615003;Taquaritinga do Norte;5;2612505;Santa Cruz do Capibaribe;3B
26150032604106;2615003;Taquaritinga do Norte;5;2604106;Caruaru;2B
26150032616209;2615003;Taquaritinga do Norte;5;2616209;Vertentes;5
26150032615409;2615003;Taquaritinga do Norte;5;2615409;Toritama;5
26150032614501;2615003;Taquaritinga do Norte;5;2614501;Surubim;3B
26150032603454;2615003;Taquaritinga do Norte;5;2603454;Camaragibe;1C
26150032608909;2615003;Taquaritinga do Norte;5;2608909;Limoeiro;3B
26150032613701;2615003;Taquaritinga do Norte;5;2613701;São Lourenço da Mata;1C
26151022606002;2615102;Terezinha;5;2606002;Garanhuns;2C
26151022611606;2615102;Terezinha;5;2611606;Recife;1C
26151022602100;2615102;Terezinha;5;2602100;Bom Conselho;5
26151022602407;2615102;Terezinha;5;2602407;Brejão;5
26151022604106;2615102;Terezinha;5;2604106;Caruaru;2B
26151022612307;2615102;Terezinha;5;2612307;Saloá;5
26152012612208;2615201;Terra Nova;5;2612208;Salgueiro;3B
26152012611101;2615201;Terra Nova;5;2611101;Petrolina;2C
26152012611606;2615201;Terra Nova;5;2611606;Recife;1C
26152012610400;2615201;Terra Nova;5;2610400;Parnamirim;5
26152012603009;2615201;Terra Nova;5;2603009;Cabrobó;5
26152012614006;2615201;Terra Nova;5;2614006;Serrita;5
26152012609907;2615201;Terra Nova;5;2609907;Ouricuri;3A
26153002611606;2615300;Timbaúba;3B;2611606;Recife;1C
26153002604007;2615300;Timbaúba;3B;2604007;Carpina;3B
26153002609501;2615300;Timbaúba;3B;2609501;Nazaré da Mata;5
26153002600708;2615300;Timbaúba;3B;2600708;Aliança;5
26153002615508;2615300;Timbaúba;3B;2615508;Tracunhaém;5
26153002604106;2615300;Timbaúba;3B;2604106;Caruaru;2B
26153002615409;2615300;Timbaúba;3B;2615409;Toritama;5
26153002610608;2615300;Timbaúba;3B;2610608;Paudalho;1C
26153002603454;2615300;Timbaúba;3B;2603454;Camaragibe;1C
26153002606200;2615300;Timbaúba;3B;2606200;Goiana;3B
26153002608909;2615300;Timbaúba;3B;2608909;Limoeiro;3B
26153002612455;2615300;Timbaúba;3B;2612455;Santa Cruz;5
26153002609600;2615300;Timbaúba;3B;2609600;Olinda;1C
26153002607653;2615300;Timbaúba;3B;2607653;Itambé;5
26154092604106;2615409;Toritama;5;2604106;Caruaru;2B
26154092611606;2615409;Toritama;5;2611606;Recife;1C
26154092612505;2615409;Toritama;5;2612505;Santa Cruz do Capibaribe;3B
26154092616209;2615409;Toritama;5;2616209;Vertentes;5
26154092614501;2615409;Toritama;5;2614501;Surubim;3B
26154092605806;2615409;Toritama;5;2605806;Frei Miguelinho;5
26154092615003;2615409;Toritama;5;2615003;Taquaritinga do Norte;5
26155082611606;2615508;Tracunhaém;5;2611606;Recife;1C
26155082604007;2615508;Tracunhaém;5;2604007;Carpina;3B
26155082609501;2615508;Tracunhaém;5;2609501;Nazaré da Mata;5
26155082608909;2615508;Tracunhaém;5;2608909;Limoeiro;3B
26155082610608;2615508;Tracunhaém;5;2610608;Paudalho;1C
26155082613701;2615508;Tracunhaém;5;2613701;São Lourenço da Mata;1C
26155082603454;2615508;Tracunhaém;5;2603454;Camaragibe;1C
26155082615300;2615508;Tracunhaém;5;2615300;Timbaúba;3B
26155082611101;2615508;Tracunhaém;5;2611101;Petrolina;2C
26156072601102;2615607;Trindade;5;2601102;Araripina;3B
26156072609907;2615607;Trindade;5;2609907;Ouricuri;3A
26156072611101;2615607;Trindade;5;2611101;Petrolina;2C
26156072611606;2615607;Trindade;5;2611606;Recife;1C
26156072612455;2615607;Trindade;5;2612455;Santa Cruz;5
26156072608750;2615607;Trindade;5;2608750;Lagoa Grande;5
26156072607307;2615607;Trindade;5;2607307;Ipubi;5
26156072612208;2615607;Trindade;5;2612208;Salgueiro;3B
26157062613909;2615706;Triunfo;5;2613909;Serra Talhada;3A
26157062611606;2615706;Triunfo;5;2611606;Recife;1C
26157062612471;2615706;Triunfo;5;2612471;Santa Cruz da Baixa Verde;5
26157062600104;2615706;Triunfo;5;2600104;Afogados da Ingazeira;3B
26157062604106;2615706;Triunfo;5;2604106;Caruaru;2B
26157062612208;2615706;Triunfo;5;2612208;Salgueiro;3B
26157062601201;2615706;Triunfo;5;2601201;Arcoverde;3A
26157062603900;2615706;Triunfo;5;2603900;Carnaíba;5
26157062611101;2615706;Triunfo;5;2611101;Petrolina;2C
26157062605608;2615706;Triunfo;5;2605608;Flores;5
26158052601201;2615805;Tupanatinga;5;2601201;Arcoverde;3A
26158052611606;2615805;Tupanatinga;5;2611606;Recife;1C
26158052602803;2615805;Tupanatinga;5;2602803;Buíque;5
26158052604106;2615805;Tupanatinga;5;2604106;Caruaru;2B
26158052607505;2615805;Tupanatinga;5;2607505;Itaíba;5
26158052606002;2615805;Tupanatinga;5;2606002;Garanhuns;2C
26158052609154;2615805;Tupanatinga;5;2609154;Manari;5
26158052600500;2615805;Tupanatinga;5;2600500;Águas Belas;5
26159042611606;2615904;Tuparetama;5;2611606;Recife;1C
26159042613602;2615904;Tuparetama;5;2613602;São José do Egito;4B
26159042600104;2615904;Tuparetama;5;2600104;Afogados da Ingazeira;3B
26159042601201;2615904;Tuparetama;5;2601201;Arcoverde;3A
26159042604106;2615904;Tuparetama;5;2604106;Caruaru;2B
26159042614600;2615904;Tuparetama;5;2614600;Tabira;4B
26159042613909;2615904;Tuparetama;5;2613909;Serra Talhada;3A
26159042612505;2615904;Tuparetama;5;2612505;Santa Cruz do Capibaribe;3B
26159042614105;2615904;Tuparetama;5;2614105;Sertânia;5
26159042612455;2615904;Tuparetama;5;2612455;Santa Cruz;5
26159042607109;2615904;Tuparetama;5;2607109;Ingazeira;5
26159042607703;2615904;Tuparetama;5;2607703;Itapetim;5
26159042615003;2615904;Tuparetama;5;2615003;Taquaritinga do Norte;5
26159042615409;2615904;Tuparetama;5;2615409;Toritama;5
26160012601201;2616001;Venturosa;5;2601201;Arcoverde;3A
26160012611606;2616001;Venturosa;5;2611606;Recife;1C
26160012606002;2616001;Venturosa;5;2606002;Garanhuns;2C
26160012604106;2616001;Venturosa;5;2604106;Caruaru;2B
26160012610806;2616001;Venturosa;5;2610806;Pedra;5
26160012603207;2616001;Venturosa;5;2603207;Caetés;5
26160012610905;2616001;Venturosa;5;2610905;Pesqueira;4A
26160012603801;2616001;Venturosa;5;2603801;Capoeiras;5
26160012600609;2616001;Venturosa;5;2600609;Alagoinha;5
26160012613909;2616001;Venturosa;5;2613909;Serra Talhada;3A
26160012612505;2616001;Venturosa;5;2612505;Santa Cruz do Capibaribe;3B
26160012602100;2616001;Venturosa;5;2602100;Bom Conselho;5
26161002612208;2616100;Verdejante;5;2612208;Salgueiro;3B
26161002611606;2616100;Verdejante;5;2611606;Recife;1C
26161002611101;2616100;Verdejante;5;2611101;Petrolina;2C
26161002613909;2616100;Verdejante;5;2613909;Serra Talhada;3A
26161002613503;2616100;Verdejante;5;2613503;São José do Belmonte;5
26161002601607;2616100;Verdejante;5;2601607;Belém do São Francisco;5
26161002609303;2616100;Verdejante;5;2609303;Mirandiba;5
26161002614006;2616100;Verdejante;5;2614006;Serrita;5
26161832614501;2616183;Vertente do Lério;5;2614501;Surubim;3B
26161832611606;2616183;Vertente do Lério;5;2611606;Recife;1C
26161832604106;2616183;Vertente do Lério;5;2604106;Caruaru;2B
26161832615409;2616183;Vertente do Lério;5;2615409;Toritama;5
26161832612505;2616183;Vertente do Lério;5;2612505;Santa Cruz do Capibaribe;3B
26161832608909;2616183;Vertente do Lério;5;2608909;Limoeiro;3B
26161832604007;2616183;Vertente do Lério;5;2604007;Carpina;3B
26161832609709;2616183;Vertente do Lério;5;2609709;Orobó;5
26162092604106;2616209;Vertentes;5;2604106;Caruaru;2B
26162092611606;2616209;Vertentes;5;2611606;Recife;1C
26162092614501;2616209;Vertentes;5;2614501;Surubim;3B
26162092615409;2616209;Vertentes;5;2615409;Toritama;5
26162092612505;2616209;Vertentes;5;2612505;Santa Cruz do Capibaribe;3B
26162092615003;2616209;Vertentes;5;2615003;Taquaritinga do Norte;5
26163082611606;2616308;Vicência;5;2611606;Recife;1C
26163082604007;2616308;Vicência;5;2604007;Carpina;3B
26163082609501;2616308;Vicência;5;2609501;Nazaré da Mata;5
26163082608909;2616308;Vicência;5;2608909;Limoeiro;3B
26163082615300;2616308;Vicência;5;2615300;Timbaúba;3B
26163082603454;2616308;Vicência;5;2603454;Camaragibe;1C
26163082610608;2616308;Vicência;5;2610608;Paudalho;1C
26163082613800;2616308;Vicência;5;2613800;São Vicente Férrer;5
26163082615508;2616308;Vicência;5;2615508;Tracunhaém;5
26163082606200;2616308;Vicência;5;2606200;Goiana;3B
26164072611606;2616407;Vitória de Santo Antão;3B;2611606;Recife;1C
26164072604106;2616407;Vitória de Santo Antão;3B;2604106;Caruaru;2B
26164072607901;2616407;Vitória de Santo Antão;3B;2607901;Jaboatão dos Guararapes;1C
26164072606408;2616407;Vitória de Santo Antão;3B;2606408;Gravatá;4A
26164072611309;2616407;Vitória de Santo Antão;3B;2611309;Pombos;5
26164072609402;2616407;Vitória de Santo Antão;3B;2609402;Moreno;1C
26164072606101;2616407;Vitória de Santo Antão;3B;2606101;Glória do Goitá;5
26164072612505;2616407;Vitória de Santo Antão;3B;2612505;Santa Cruz do Capibaribe;3B
26165062611606;2616506;Xexéu;5;2611606;Recife;1C
26165062610004;2616506;Xexéu;5;2610004;Palmares;3B
26165062604106;2616506;Xexéu;5;2604106;Caruaru;2B
26165062602902;2616506;Xexéu;5;2602902;Cabo de Santo Agostinho;1C
26165062605202;2616506;Xexéu;5;2605202;Escada;3B
26165062611804;2616506;Xexéu;5;2611804;Ribeirão;5
